image,filename,gt_node,angle,variant,pred_node,confidence,top1_correct,top3_hit,top5_hit,gt_rank,mrr,graph_distance,dist_le_1,dist_le_2,ocr_numbers,ocr_raw_texts,candidate_nodes,initial_clip_pool_size,final_pool_size,fusion_candidates,error
benchmarks\room_test_60deg\401_L.jpg,401_L.jpg,401,L,,421,0.252936,0,0,0,,0.0,4,0,0,401,[],"[421, 427, 419, 422, 429]",10,10,"[{""rank"": 1, ""node_id"": 421, ""node_type"": ""ROOM"", ""description"": ""421호 강의실"", ""anchor_room"": null, ""room_range"": null, ""clip_score"": 0.036996, ""ocr_score"": 0.0, ""geo_score"": 0.244898, ""prior_score"": 0.0, ""combined_score"": 0.134955}, {""rank"": 2, ""node_id"": 427, ""node_type"": ""ROOM"", ""description"": ""427호 강의실"", ""anchor_room"": null, ""room_range"": null, ""clip_score"": 0.043442, ""ocr_score"": 0.0, ""geo_score"": 0.2, ""prior_score"": 0.0, ""combined_score"": 0.123442}, {""rank"": 3, ""node_id"": 419, ""node_type"": ""ROOM"", ""description"": ""419호 강의실"", ""anchor_room"": null, ""room_range"": null, ""clip_score"": 0.032968, ""ocr_score"": 0.0, ""geo_score"": 0.21978, ""prior_score"": 0.0, ""combined_score"": 0.12088}, {""rank"": 4, ""node_id"": 422, ""node_type"": ""ROOM"", ""description"": ""422호 강의실"", ""anchor_room"": null, ""room_range"": null, ""clip_score"": 0.035303, ""ocr_score"": 0.0, ""geo_score"": 0.208791, ""prior_score"": 0.0, ""combined_score"": 0.11882}, {""rank"": 5, ""node_id"": 429, ""node_type"": ""ROOM"", ""description"": ""429호 강의실"", ""anchor_room"": null, ""room_range"": null, ""clip_score"": 0.035702, ""ocr_score"": 0.0, ""geo_score"": 0.2, ""prior_score"": 0.0, ""combined_score"": 0.115702}, {""rank"": 6, ""node_id"": 431, ""node_type"": ""ROOM"", ""description"": ""431호 강의실"", ""anchor_room"": null, ""room_range"": null, ""clip_score"": 0.043152, ""ocr_score"": 0.0, ""geo_score"": 0.179487, ""prior_score"": 0.0, ""combined_score"": 0.114947}, {""rank"": 7, ""node_id"": 4170, ""node_type"": ""STUDY"", ""description"": ""아라테크네 학습공간 입구"", ""anchor_room"": null, ""room_range"": null, ""clip_score"": 0.047762, ""ocr_score"": 0.0, ""geo_score"": 0.145455, ""prior_score"": 0.0, ""combined_score"": 0.105944}, {""rank"": 8, ""node_id"": 430, ""node_type"": ""ROOM"", ""description"": ""430호 강의실"", ""anchor_room"": null, ""room_range"": null, ""clip_score"": 0.039028, ""ocr_score"": 0.0, ""geo_score"": 0.146067, ""prior_score"": 0.0, ""combined_score"": 0.097455}, {""rank"": 9, ""node_id"": 428, ""node_type"": ""ROOM"", ""description"": ""428호 강의실"", ""anchor_room"": null, ""room_range"": null, ""clip_score"": 0.038552, ""ocr_score"": 0.0, ""geo_score"": 0.146067, ""prior_score"": 0.0, ""combined_score"": 0.096979}, {""rank"": 10, ""node_id"": 408, ""node_type"": ""ROOM"", ""description"": ""408호 강의실"", ""anchor_room"": null, ""room_range"": null, ""clip_score"": 0.039821, ""ocr_score"": 0.0, ""geo_score"": 0.123457, ""prior_score"": 0.0, ""combined_score"": 0.089204}]",
benchmarks\room_test_60deg\401_R.jpg,401_R.jpg,401,R,,4103,0.694971,0,0,0,,0.0,3,0,0,586,[],"[4103, 427, 421, 419, 428]",10,10,"[{""rank"": 1, ""node_id"": 4103, ""node_type"": ""CORRIDOR"", ""description"": ""4층 412~425 앞 복도(우측 세로 복도)"", ""anchor_room"": null, ""room_range"": ""412-425"", ""clip_score"": 0.015779, ""ocr_score"": 0.0, ""geo_score"": 0.376812, ""prior_score"": 0.0, ""combined_score"": 0.166503}, {""rank"": 2, ""node_id"": 427, ""node_type"": ""ROOM"", ""description"": ""427호 강의실"", ""anchor_room"": null, ""room_range"": null, ""clip_score"": 0.008264, ""ocr_score"": 0.0, ""geo_score"": 0.134615, ""prior_score"": 0.0, ""combined_score"": 0.06211}, {""rank"": 3, ""node_id"": 421, ""node_type"": ""ROOM"", ""description"": ""421호 강의실"", ""anchor_room"": null, ""room_range"": null, ""clip_score"": 0.008395, ""ocr_score"": 0.0, ""geo_score"": 0.12426, ""prior_score"": 0.0, ""combined_score"": 0.058099}, {""rank"": 4, ""node_id"": 419, ""node_type"": ""ROOM"", ""description"": ""419호 강의실"", ""anchor_room"": null, ""room_range"": null, ""clip_score"": 0.005935, ""ocr_score"": 0.0, ""geo_score"": 0.119617, ""prior_score"": 0.0, ""combined_score"": 0.053781}, {""rank"": 5, ""node_id"": 428, ""node_type"": ""ROOM"", ""description"": ""428호 강의실"", ""anchor_room"": null, ""room_range"": null, ""clip_score"": 0.004311, ""ocr_score"": 0.0, ""geo_score"": 0.112069, ""prior_score"": 0.0, ""combined_score"": 0.049139}, {""rank"": 6, ""node_id"": 4170, ""node_type"": ""STUDY"", ""description"": ""아라테크네 학습공간 입구"", ""anchor_room"": null, ""room_range"": null, ""clip_score"": 0.014121, ""ocr_score"": 0.0, ""geo_score"": 0.074468, ""prior_score"": 0.0, ""combined_score"": 0.043908}, {""rank"": 7, ""node_id"": 430, ""node_type"": ""ROOM"", ""description"": ""430호 강의실"", ""anchor_room"": null, ""room_range"": null, ""clip_score"": 0.006979, ""ocr_score"": 0.0, ""geo_score"": 0.086957, ""prior_score"": 0.0, ""combined_score"": 0.041762}, {""rank"": 8, ""node_id"": 422, ""node_type"": ""ROOM"", ""description"": ""422호 강의실"", ""anchor_room"": null, ""room_range"": null, ""clip_score"": 0.003434, ""ocr_score"": 0.0, ""geo_score"": 0.092308, ""prior_score"": 0.0, ""combined_score"": 0.040357}, {""rank"": 9, ""node_id"": 431, ""node_type"": ""ROOM"", ""description"": ""431호 강의실"", ""anchor_room"": null, ""room_range"": null, ""clip_score"": 0.00803, ""ocr_score"": 0.0, ""geo_score"": 0.08, ""prior_score"": 0.0, ""combined_score"": 0.04003}, {""rank"": 10, ""node_id"": 429, ""node_type"": ""ROOM"", ""description"": ""429호 강의실"", ""anchor_room"": null, ""room_range"": null, ""clip_score"": 0.005732, ""ocr_score"": 0.0, ""geo_score"": 0.072917, ""prior_score"": 0.0, ""combined_score"": 0.034899}]",
benchmarks\room_test_60deg\402_L.jpg,402_L.jpg,402,L,,429,0.31574,0,0,0,,0.0,2,0,1,"402,555",[],"[429, 431, 419, 408, 428]",10,10,"[{""rank"": 1, ""node_id"": 429, ""node_type"": ""ROOM"", ""description"": ""429호 강의실"", ""anchor_room"": null, ""room_range"": null, ""clip_score"": 0.016975, ""ocr_score"": 0.0, ""geo_score"": 0.268657, ""prior_score"": 0.0, ""combined_score"": 0.124437}, {""rank"": 2, ""node_id"": 431, ""node_type"": ""ROOM"", ""description"": ""431호 강의실"", ""anchor_room"": null, ""room_range"": null, ""clip_score"": 0.02237, ""ocr_score"": 0.0, ""geo_score"": 0.193548, ""prior_score"": 0.0, ""combined_score"": 0.099789}, {""rank"": 3, ""node_id"": 419, ""node_type"": ""ROOM"", ""description"": ""419호 강의실"", ""anchor_room"": null, ""room_range"": null, ""clip_score"": 0.015564, ""ocr_score"": 0.0, ""geo_score"": 0.208, ""prior_score"": 0.0, ""combined_score"": 0.098764}, {""rank"": 4, ""node_id"": 408, ""node_type"": ""ROOM"", ""description"": ""408호 강의실"", ""anchor_room"": null, ""room_range"": null, ""clip_score"": 0.018164, ""ocr_score"": 0.0, ""geo_score"": 0.178862, ""prior_score"": 0.0, ""combined_score"": 0.089708}, {""rank"": 5, ""node_id"": 428, ""node_type"": ""ROOM"", ""description"": ""428호 강의실"", ""anchor_room"": null, ""room_range"": null, ""clip_score"": 0.017667, ""ocr_score"": 0.0, ""geo_score"": 0.169492, ""prior_score"": 0.0, ""combined_score"": 0.085464}, {""rank"": 6, ""node_id"": 427, ""node_type"": ""ROOM"", ""description"": ""427호 강의실"", ""anchor_room"": null, ""room_range"": null, ""clip_score"": 0.023711, ""ocr_score"": 0.0, ""geo_score"": 0.147059, ""prior_score"": 0.0, ""combined_score"": 0.082534}, {""rank"": 7, ""node_id"": 4170, ""node_type"": ""STUDY"", ""description"": ""아라테크네 학습공간 입구"", ""anchor_room"": null, ""room_range"": null, ""clip_score"": 0.032677, ""ocr_score"": 0.0, ""geo_score"": 0.119403, ""prior_score"": 0.0, ""combined_score"": 0.080439}, {""rank"": 8, ""node_id"": 422, ""node_type"": ""ROOM"", ""description"": ""422호 강의실"", ""anchor_room"": null, ""room_range"": null, ""clip_score"": 0.018589, ""ocr_score"": 0.0, ""geo_score"": 0.142857, ""prior_score"": 0.0, ""combined_score"": 0.075732}, {""rank"": 9, ""node_id"": 421, ""node_type"": ""ROOM"", ""description"": ""421호 강의실"", ""anchor_room"": null, ""room_range"": null, ""clip_score"": 0.020018, ""ocr_score"": 0.0, ""geo_score"": 0.132231, ""prior_score"": 0.0, ""combined_score"": 0.072911}, {""rank"": 10, ""node_id"": 430, ""node_type"": ""ROOM"", ""description"": ""430호 강의실"", ""anchor_room"": null, ""room_range"": null, ""clip_score"": 0.018873, ""ocr_score"": 0.0, ""geo_score"": 0.12, ""prior_score"": 0.0, ""combined_score"": 0.066873}]",
benchmarks\room_test_60deg\402_R.jpg,402_R.jpg,402,R,,4103,0.530593,0,0,0,,0.0,3,0,0,402,[],"[4103, 4170, 421, 423, 429]",10,10,"[{""rank"": 1, ""node_id"": 4103, ""node_type"": ""CORRIDOR"", ""description"": ""4층 412~425 앞 복도(우측 세로 복도)"", ""anchor_room"": null, ""room_range"": ""412-425"", ""clip_score"": 0.002202, ""ocr_score"": 0.0, ""geo_score"": 0.321918, ""prior_score"": 0.0, ""combined_score"": 0.130969}, {""rank"": 2, ""node_id"": 4170, ""node_type"": ""STUDY"", ""description"": ""아라테크네 학습공간 입구"", ""anchor_room"": null, ""room_range"": null, ""clip_score"": 0.001982, ""ocr_score"": 0.0, ""geo_score"": 0.152778, ""prior_score"": 0.0, ""combined_score"": 0.063094}, {""rank"": 3, ""node_id"": 421, ""node_type"": ""ROOM"", ""description"": ""421호 강의실"", ""anchor_room"": null, ""room_range"": null, ""clip_score"": 0.003014, ""ocr_score"": 0.0, ""geo_score"": 0.145299, ""prior_score"": 0.0, ""combined_score"": 0.061134}, {""rank"": 4, ""node_id"": 423, ""node_type"": ""ROOM"", ""description"": ""423호 강의실"", ""anchor_room"": null, ""room_range"": null, ""clip_score"": -0.009089, ""ocr_score"": 0.0, ""geo_score"": 0.142857, ""prior_score"": 0.0, ""combined_score"": 0.048053}, {""rank"": 5, ""node_id"": 429, ""node_type"": ""ROOM"", ""description"": ""429호 강의실"", ""anchor_room"": null, ""room_range"": null, ""clip_score"": -0.003106, ""ocr_score"": 0.0, ""geo_score"": 0.127273, ""prior_score"": 0.0, ""combined_score"": 0.047803}, {""rank"": 6, ""node_id"": 422, ""node_type"": ""ROOM"", ""description"": ""422호 강의실"", ""anchor_room"": null, ""room_range"": null, ""clip_score"": -0.004437, ""ocr_score"": 0.0, ""geo_score"": 0.12844, ""prior_score"": 0.0, ""combined_score"": 0.046939}, {""rank"": 7, ""node_id"": 430, ""node_type"": ""ROOM"", ""description"": ""430호 강의실"", ""anchor_room"": null, ""room_range"": null, ""clip_score"": -0.004781, ""ocr_score"": 0.0, ""geo_score"": 0.116279, ""prior_score"": 0.0, ""combined_score"": 0.041731}, {""rank"": 8, ""node_id"": 431, ""node_type"": ""ROOM"", ""description"": ""431호 강의실"", ""anchor_room"": null, ""room_range"": null, ""clip_score"": -0.002581, ""ocr_score"": 0.0, ""geo_score"": 0.103448, ""prior_score"": 0.0, ""combined_score"": 0.038798}, {""rank"": 9, ""node_id"": 428, ""node_type"": ""ROOM"", ""description"": ""428호 강의실"", ""anchor_room"": null, ""room_range"": null, ""clip_score"": -0.007037, ""ocr_score"": 0.0, ""geo_score"": 0.110092, ""prior_score"": 0.0, ""combined_score"": 0.037}, {""rank"": 10, ""node_id"": 427, ""node_type"": ""ROOM"", ""description"": ""427호 강의실"", ""anchor_room"": null, ""room_range"": null, ""clip_score"": -0.00474, ""ocr_score"": 0.0, ""geo_score"": 0.102564, ""prior_score"": 0.0, ""combined_score"": 0.036286}]",
benchmarks\room_test_60deg\403_L.jpg,403_L.jpg,403,L,,4170,0.24861,0,0,0,,0.0,4,0,0,"403,5155,572,573,412,578,523",[],"[4170, 408, 429, 419, 431]",10,10,"[{""rank"": 1, ""node_id"": 4170, ""node_type"": ""STUDY"", ""description"": ""아라테크네 학습공간 입구"", ""anchor_room"": null, ""room_range"": null, ""clip_score"": 0.067453, ""ocr_score"": 0.0, ""geo_score"": 0.241379, ""prior_score"": 0.0, ""combined_score"": 0.164005}, {""rank"": 2, ""node_id"": 408, ""node_type"": ""ROOM"", ""description"": ""408호 강의실"", ""anchor_room"": null, ""room_range"": null, ""clip_score"": 0.047821, ""ocr_score"": 0.0, ""geo_score"": 0.282353, ""prior_score"": 0.0, ""combined_score"": 0.160762}, {""rank"": 3, ""node_id"": 429, ""node_type"": ""ROOM"", ""description"": ""429호 강의실"", ""anchor_room"": null, ""room_range"": null, ""clip_score"": 0.051071, ""ocr_score"": 0.0, ""geo_score"": 0.246575, ""prior_score"": 0.0, ""combined_score"": 0.149701}, {""rank"": 4, ""node_id"": 419, ""node_type"": ""ROOM"", ""description"": ""419호 강의실"", ""anchor_room"": null, ""room_range"": null, ""clip_score"": 0.051171, ""ocr_score"": 0.0, ""geo_score"": 0.240506, ""prior_score"": 0.0, ""combined_score"": 0.147374}, {""rank"": 5, ""node_id"": 431, ""node_type"": ""ROOM"", ""description"": ""431호 강의실"", ""anchor_room"": null, ""room_range"": null, ""clip_score"": 0.056891, ""ocr_score"": 0.0, ""geo_score"": 0.207407, ""prior_score"": 0.0, ""combined_score"": 0.139854}, {""rank"": 6, ""node_id"": 427, ""node_type"": ""ROOM"", ""description"": ""427호 강의실"", ""anchor_room"": null, ""room_range"": null, ""clip_score"": 0.060687, ""ocr_score"": 0.0, ""geo_score"": 0.171875, ""prior_score"": 0.0, ""combined_score"": 0.129437}, {""rank"": 7, ""node_id"": 422, ""node_type"": ""ROOM"", ""description"": ""422호 강의실"", ""anchor_room"": null, ""room_range"": null, ""clip_score"": 0.053283, ""ocr_score"": 0.0, ""geo_score"": 0.175439, ""prior_score"": 0.0, ""combined_score"": 0.123458}, {""rank"": 8, ""node_id"": 421, ""node_type"": ""ROOM"", ""description"": ""421호 강의실"", ""anchor_room"": null, ""room_range"": null, ""clip_score"": 0.050319, ""ocr_score"": 0.0, ""geo_score"": 0.180556, ""prior_score"": 0.0, ""combined_score"": 0.122541}, {""rank"": 9, ""node_id"": 430, ""node_type"": ""ROOM"", ""description"": ""430호 강의실"", ""anchor_room"": null, ""room_range"": null, ""clip_score"": 0.049186, ""ocr_score"": 0.0, ""geo_score"": 0.171053, ""prior_score"": 0.0, ""combined_score"": 0.117608}, {""rank"": 10, ""node_id"": 420, ""node_type"": ""ROOM"", ""description"": ""420호 강의실"", ""anchor_room"": null, ""room_range"": null, ""clip_score"": 0.049596, ""ocr_score"": 0.0, ""geo_score"": 0.15873, ""prior_score"": 0.0, ""combined_score"": 0.113088}]",
benchmarks\room_test_60deg\403_R.jpg,403_R.jpg,403,R,,422,0.228862,0,0,0,,0.0,4,0,0,,[],"[422, 421, 431, 428, 4103]",10,10,"[{""rank"": 1, ""node_id"": 422, ""node_type"": ""ROOM"", ""description"": ""422호 강의실"", ""anchor_room"": null, ""room_range"": null, ""clip_score"": -4.3e-05, ""ocr_score"": 0.0, ""geo_score"": 0.173333, ""prior_score"": 0.0, ""combined_score"": 0.06929}, {""rank"": 2, ""node_id"": 421, ""node_type"": ""ROOM"", ""description"": ""421호 강의실"", ""anchor_room"": null, ""room_range"": null, ""clip_score"": 0.006962, ""ocr_score"": 0.0, ""geo_score"": 0.153061, ""prior_score"": 0.0, ""combined_score"": 0.068186}, {""rank"": 3, ""node_id"": 431, ""node_type"": ""ROOM"", ""description"": ""431호 강의실"", ""anchor_room"": null, ""room_range"": null, ""clip_score"": 0.000656, ""ocr_score"": 0.0, ""geo_score"": 0.151899, ""prior_score"": 0.0, ""combined_score"": 0.061415}, {""rank"": 4, ""node_id"": 428, ""node_type"": ""ROOM"", ""description"": ""428호 강의실"", ""anchor_room"": null, ""room_range"": null, ""clip_score"": -0.004219, ""ocr_score"": 0.0, ""geo_score"": 0.152778, ""prior_score"": 0.0, ""combined_score"": 0.056893}, {""rank"": 5, ""node_id"": 4103, ""node_type"": ""CORRIDOR"", ""description"": ""4층 412~425 앞 복도(우측 세로 복도)"", ""anchor_room"": null, ""room_range"": ""412-425"", ""clip_score"": 0.002011, ""ocr_score"": 0.0, ""geo_score"": 0.133333, ""prior_score"": 0.0, ""combined_score"": 0.055344}, {""rank"": 6, ""node_id"": 430, ""node_type"": ""ROOM"", ""description"": ""430호 강의실"", ""anchor_room"": null, ""room_range"": null, ""clip_score"": 0.000327, ""ocr_score"": 0.0, ""geo_score"": 0.131148, ""prior_score"": 0.0, ""combined_score"": 0.052786}, {""rank"": 7, ""node_id"": 424, ""node_type"": ""ROOM"", ""description"": ""424호 강의실"", ""anchor_room"": null, ""room_range"": null, ""clip_score"": -0.005629, ""ocr_score"": 0.0, ""geo_score"": 0.125, ""prior_score"": 0.0, ""combined_score"": 0.044371}, {""rank"": 8, ""node_id"": 427, ""node_type"": ""ROOM"", ""description"": ""427호 강의실"", ""anchor_room"": null, ""room_range"": null, ""clip_score"": -0.001596, ""ocr_score"": 0.0, ""geo_score"": 0.114583, ""prior_score"": 0.0, ""combined_score"": 0.044237}, {""rank"": 9, ""node_id"": 423, ""node_type"": ""ROOM"", ""description"": ""423호 강의실"", ""anchor_room"": null, ""room_range"": null, ""clip_score"": -0.00447, ""ocr_score"": 0.0, ""geo_score"": 0.116279, ""prior_score"": 0.0, ""combined_score"": 0.042042}, {""rank"": 10, ""node_id"": 429, ""node_type"": ""ROOM"", ""description"": ""429호 강의실"", ""anchor_room"": null, ""room_range"": null, ""clip_score"": -0.000351, ""ocr_score"": 0.0, ""geo_score"": 0.1, ""prior_score"": 0.0, ""combined_score"": 0.039649}]",
benchmarks\room_test_60deg\404_L.jpg,404_L.jpg,404,L,,427,0.253396,0,0,0,,0.0,2,0,1,"404,531,442,581,5133,4991,5181",[],"[427, 421, 4103, 4170, 431]",10,10,"[{""rank"": 1, ""node_id"": 427, ""node_type"": ""ROOM"", ""description"": ""427호 강의실"", ""anchor_room"": null, ""room_range"": null, ""clip_score"": 0.045974, ""ocr_score"": 0.0, ""geo_score"": 0.24, ""prior_score"": 0.0, ""combined_score"": 0.141974}, {""rank"": 2, ""node_id"": 421, ""node_type"": ""ROOM"", ""description"": ""421호 강의실"", ""anchor_room"": null, ""room_range"": null, ""clip_score"": 0.040937, ""ocr_score"": 0.0, ""geo_score"": 0.238095, ""prior_score"": 0.0, ""combined_score"": 0.136175}, {""rank"": 3, ""node_id"": 4103, ""node_type"": ""CORRIDOR"", ""description"": ""4층 412~425 앞 복도(우측 세로 복도)"", ""anchor_room"": null, ""room_range"": ""412-425"", ""clip_score"": 0.039377, ""ocr_score"": 0.0, ""geo_score"": 0.234694, ""prior_score"": 0.0, ""combined_score"": 0.133255}, {""rank"": 4, ""node_id"": 4170, ""node_type"": ""STUDY"", ""description"": ""아라테크네 학습공간 입구"", ""anchor_room"": null, ""room_range"": null, ""clip_score"": 0.054811, ""ocr_score"": 0.0, ""geo_score"": 0.156863, ""prior_score"": 0.0, ""combined_score"": 0.117556}, {""rank"": 5, ""node_id"": 431, ""node_type"": ""ROOM"", ""description"": ""431호 강의실"", ""anchor_room"": null, ""room_range"": null, ""clip_score"": 0.042204, ""ocr_score"": 0.0, ""geo_score"": 0.186047, ""prior_score"": 0.0, ""combined_score"": 0.116622}, {""rank"": 6, ""node_id"": 419, ""node_type"": ""ROOM"", ""description"": ""419호 강의실"", ""anchor_room"": null, ""room_range"": null, ""clip_score"": 0.038583, ""ocr_score"": 0.0, ""geo_score"": 0.184211, ""prior_score"": 0.0, ""combined_score"": 0.112267}, {""rank"": 7, ""node_id"": 408, ""node_type"": ""ROOM"", ""description"": ""408호 강의실"", ""anchor_room"": null, ""room_range"": null, ""clip_score"": 0.04059, ""ocr_score"": 0.0, ""geo_score"": 0.161017, ""prior_score"": 0.0, ""combined_score"": 0.104997}, {""rank"": 8, ""node_id"": 430, ""node_type"": ""ROOM"", ""description"": ""430호 강의실"", ""anchor_room"": null, ""room_range"": null, ""clip_score"": 0.037465, ""ocr_score"": 0.0, ""geo_score"": 0.147727, ""prior_score"": 0.0, ""combined_score"": 0.096556}, {""rank"": 9, ""node_id"": 429, ""node_type"": ""ROOM"", ""description"": ""429호 강의실"", ""anchor_room"": null, ""room_range"": null, ""clip_score"": 0.038459, ""ocr_score"": 0.0, ""geo_score"": 0.136842, ""prior_score"": 0.0, ""combined_score"": 0.093196}, {""rank"": 10, ""node_id"": 422, ""node_type"": ""ROOM"", ""description"": ""422호 강의실"", ""anchor_room"": null, ""room_range"": null, ""clip_score"": 0.039072, ""ocr_score"": 0.0, ""geo_score"": 0.107143, ""prior_score"": 0.0, ""combined_score"": 0.081929}]",
benchmarks\room_test_60deg\404_R.jpg,404_R.jpg,404,R,,4170,0.23102,0,0,0,,0.0,4,0,0,,[],"[4170, 422, 4103, 428, 429]",10,10,"[{""rank"": 1, ""node_id"": 4170, ""node_type"": ""STUDY"", ""description"": ""아라테크네 학습공간 입구"", ""anchor_room"": null, ""room_range"": null, ""clip_score"": -0.006428, ""ocr_score"": 0.0, ""geo_score"": 0.164706, ""prior_score"": 0.0, ""combined_score"": 0.059454}, {""rank"": 2, ""node_id"": 422, ""node_type"": ""ROOM"", ""description"": ""422호 강의실"", ""anchor_room"": null, ""room_range"": null, ""clip_score"": -0.017394, ""ocr_score"": 0.0, ""geo_score"": 0.190476, ""prior_score"": 0.0, ""combined_score"": 0.058796}, {""rank"": 3, ""node_id"": 4103, ""node_type"": ""CORRIDOR"", ""description"": ""4층 412~425 앞 복도(우측 세로 복도)"", ""anchor_room"": null, ""room_range"": ""412-425"", ""clip_score"": -0.011465, ""ocr_score"": 0.0, ""geo_score"": 0.154545, ""prior_score"": 0.0, ""combined_score"": 0.050353}, {""rank"": 4, ""node_id"": 428, ""node_type"": ""ROOM"", ""description"": ""428호 강의실"", ""anchor_room"": null, ""room_range"": null, ""clip_score"": -0.019528, ""ocr_score"": 0.0, ""geo_score"": 0.173913, ""prior_score"": 0.0, ""combined_score"": 0.050038}, {""rank"": 5, ""node_id"": 429, ""node_type"": ""ROOM"", ""description"": ""429호 강의실"", ""anchor_room"": null, ""room_range"": null, ""clip_score"": -0.016141, ""ocr_score"": 0.0, ""geo_score"": 0.140741, ""prior_score"": 0.0, ""combined_score"": 0.040156}, {""rank"": 6, ""node_id"": 431, ""node_type"": ""ROOM"", ""description"": ""431호 강의실"", ""anchor_room"": null, ""room_range"": null, ""clip_score"": -0.013877, ""ocr_score"": 0.0, ""geo_score"": 0.123188, ""prior_score"": 0.0, ""combined_score"": 0.035399}, {""rank"": 7, ""node_id"": 430, ""node_type"": ""ROOM"", ""description"": ""430호 강의실"", ""anchor_room"": null, ""room_range"": null, ""clip_score"": -0.015271, ""ocr_score"": 0.0, ""geo_score"": 0.115942, ""prior_score"": 0.0, ""combined_score"": 0.031106}, {""rank"": 8, ""node_id"": 427, ""node_type"": ""ROOM"", ""description"": ""427호 강의실"", ""anchor_room"": null, ""room_range"": null, ""clip_score"": -0.013683, ""ocr_score"": 0.0, ""geo_score"": 0.109489, ""prior_score"": 0.0, ""combined_score"": 0.030112}, {""rank"": 9, ""node_id"": 419, ""node_type"": ""ROOM"", ""description"": ""419호 강의실"", ""anchor_room"": null, ""room_range"": null, ""clip_score"": -0.018935, ""ocr_score"": 0.0, ""geo_score"": 0.122449, ""prior_score"": 0.0, ""combined_score"": 0.030045}, {""rank"": 10, ""node_id"": 421, ""node_type"": ""ROOM"", ""description"": ""421호 강의실"", ""anchor_room"": null, ""room_range"": null, ""clip_score"": -0.010808, ""ocr_score"": 0.0, ""geo_score"": 0.096, ""prior_score"": 0.0, ""combined_score"": 0.027592}]",
benchmarks\room_test_60deg\405_L.jpg,405_L.jpg,405,L,,421,0.471889,0,0,0,,0.0,4,0,0,405,[],"[421, 422, 431, 419, 427]",10,10,"[{""rank"": 1, ""node_id"": 421, ""node_type"": ""ROOM"", ""description"": ""421호 강의실"", ""anchor_room"": null, ""room_range"": null, ""clip_score"": 0.046859, ""ocr_score"": 0.0, ""geo_score"": 0.327434, ""prior_score"": 0.0, ""combined_score"": 0.177832}, {""rank"": 2, ""node_id"": 422, ""node_type"": ""ROOM"", ""description"": ""422호 강의실"", ""anchor_room"": null, ""room_range"": null, ""clip_score"": 0.043342, ""ocr_score"": 0.0, ""geo_score"": 0.190476, ""prior_score"": 0.0, ""combined_score"": 0.119533}, {""rank"": 3, ""node_id"": 431, ""node_type"": ""ROOM"", ""description"": ""431호 강의실"", ""anchor_room"": null, ""room_range"": null, ""clip_score"": 0.045877, ""ocr_score"": 0.0, ""geo_score"": 0.170543, ""prior_score"": 0.0, ""combined_score"": 0.114094}, {""rank"": 4, ""node_id"": 419, ""node_type"": ""ROOM"", ""description"": ""419호 강의실"", ""anchor_room"": null, ""room_range"": null, ""clip_score"": 0.043706, ""ocr_score"": 0.0, ""geo_score"": 0.169492, ""prior_score"": 0.0, ""combined_score"": 0.111503}, {""rank"": 5, ""node_id"": 427, ""node_type"": ""ROOM"", ""description"": ""427호 강의실"", ""anchor_room"": null, ""room_range"": null, ""clip_score"": 0.050116, ""ocr_score"": 0.0, ""geo_score"": 0.152174, ""prior_score"": 0.0, ""combined_score"": 0.110985}, {""rank"": 6, ""node_id"": 4201, ""node_type"": ""INTERSECTION"", ""description"": ""북서 교차점(401/434 인근, 복도1-복도2 상단 연결)"", ""anchor_room"": null, ""room_range"": null, ""clip_score"": 0.04508, ""ocr_score"": 0.0, ""geo_score"": 0.157143, ""prior_score"": 0.0, ""combined_score"": 0.107938}, {""rank"": 7, ""node_id"": 4101, ""node_type"": ""CORRIDOR"", ""description"": ""4층 407~411 앞 복도"", ""anchor_room"": null, ""room_range"": ""407-411"", ""clip_score"": 0.042826, ""ocr_score"": 0.0, ""geo_score"": 0.159091, ""prior_score"": 0.0, ""combined_score"": 0.106463}, {""rank"": 8, ""node_id"": 408, ""node_type"": ""ROOM"", ""description"": ""408호 강의실"", ""anchor_room"": null, ""room_range"": null, ""clip_score"": 0.04743, ""ocr_score"": 0.0, ""geo_score"": 0.14, ""prior_score"": 0.0, ""combined_score"": 0.10343}, {""rank"": 9, ""node_id"": 4170, ""node_type"": ""STUDY"", ""description"": ""아라테크네 학습공간 입구"", ""anchor_room"": null, ""room_range"": null, ""clip_score"": 0.052754, ""ocr_score"": 0.0, ""geo_score"": 0.115385, ""prior_score"": 0.0, ""combined_score"": 0.098908}, {""rank"": 10, ""node_id"": 428, ""node_type"": ""ROOM"", ""description"": ""428호 강의실"", ""anchor_room"": null, ""room_range"": null, ""clip_score"": 0.04339, ""ocr_score"": 0.0, ""geo_score"": 0.134454, ""prior_score"": 0.0, ""combined_score"": 0.097171}]",
benchmarks\room_test_60deg\405_R.jpg,405_R.jpg,405,R,,4103,0.38291,0,0,0,,0.0,3,0,0,536,[],"[4103, 427, 430, 428, 431]",10,10,"[{""rank"": 1, ""node_id"": 4103, ""node_type"": ""CORRIDOR"", ""description"": ""4층 412~425 앞 복도(우측 세로 복도)"", ""anchor_room"": null, ""room_range"": ""412-425"", ""clip_score"": -0.00357, ""ocr_score"": 0.0, ""geo_score"": 0.2625, ""prior_score"": 0.0, ""combined_score"": 0.10143}, {""rank"": 2, ""node_id"": 427, ""node_type"": ""ROOM"", ""description"": ""427호 강의실"", ""anchor_room"": null, ""room_range"": null, ""clip_score"": -0.009746, ""ocr_score"": 0.0, ""geo_score"": 0.203125, ""prior_score"": 0.0, ""combined_score"": 0.071504}, {""rank"": 3, ""node_id"": 430, ""node_type"": ""ROOM"", ""description"": ""430호 강의실"", ""anchor_room"": null, ""room_range"": null, ""clip_score"": -0.009753, ""ocr_score"": 0.0, ""geo_score"": 0.155844, ""prior_score"": 0.0, ""combined_score"": 0.052585}, {""rank"": 4, ""node_id"": 428, ""node_type"": ""ROOM"", ""description"": ""428호 강의실"", ""anchor_room"": null, ""room_range"": null, ""clip_score"": -0.012855, ""ocr_score"": 0.0, ""geo_score"": 0.151899, ""prior_score"": 0.0, ""combined_score"": 0.047905}, {""rank"": 5, ""node_id"": 431, ""node_type"": ""ROOM"", ""description"": ""431호 강의실"", ""anchor_room"": null, ""room_range"": null, ""clip_score"": -0.01055, ""ocr_score"": 0.0, ""geo_score"": 0.146067, ""prior_score"": 0.0, ""combined_score"": 0.047877}, {""rank"": 6, ""node_id"": 4170, ""node_type"": ""STUDY"", ""description"": ""아라테크네 학습공간 입구"", ""anchor_room"": null, ""room_range"": null, ""clip_score"": -0.009458, ""ocr_score"": 0.0, ""geo_score"": 0.138462, ""prior_score"": 0.0, ""combined_score"": 0.045926}, {""rank"": 7, ""node_id"": 421, ""node_type"": ""ROOM"", ""description"": ""421호 강의실"", ""anchor_room"": null, ""room_range"": null, ""clip_score"": -0.005086, ""ocr_score"": 0.0, ""geo_score"": 0.111111, ""prior_score"": 0.0, ""combined_score"": 0.039358}, {""rank"": 8, ""node_id"": 429, ""node_type"": ""ROOM"", ""description"": ""429호 강의실"", ""anchor_room"": null, ""room_range"": null, ""clip_score"": -0.009988, ""ocr_score"": 0.0, ""geo_score"": 0.121951, ""prior_score"": 0.0, ""combined_score"": 0.038793}, {""rank"": 9, ""node_id"": 422, ""node_type"": ""ROOM"", ""description"": ""422호 강의실"", ""anchor_room"": null, ""room_range"": null, ""clip_score"": -0.012826, ""ocr_score"": 0.0, ""geo_score"": 0.123894, ""prior_score"": 0.0, ""combined_score"": 0.036732}, {""rank"": 10, ""node_id"": 423, ""node_type"": ""ROOM"", ""description"": ""423호 강의실"", ""anchor_room"": null, ""room_range"": null, ""clip_score"": -0.01444, ""ocr_score"": 0.0, ""geo_score"": 0.126316, ""prior_score"": 0.0, ""combined_score"": 0.036086}]",
benchmarks\room_test_60deg\406_L.jpg,406_L.jpg,406,L,,427,0.251282,0,0,0,,0.0,2,0,1,"408,406",[],"[427, 430, 421, 429, 422]",10,10,"[{""rank"": 1, ""node_id"": 427, ""node_type"": ""ROOM"", ""description"": ""427호 강의실"", ""anchor_room"": null, ""room_range"": null, ""clip_score"": 0.038857, ""ocr_score"": 0.0, ""geo_score"": 0.280822, ""prior_score"": 0.0, ""combined_score"": 0.151185}, {""rank"": 2, ""node_id"": 430, ""node_type"": ""ROOM"", ""description"": ""430호 강의실"", ""anchor_room"": null, ""room_range"": null, ""clip_score"": 0.032165, ""ocr_score"": 0.0, ""geo_score"": 0.293578, ""prior_score"": 0.0, ""combined_score"": 0.149596}, {""rank"": 3, ""node_id"": 421, ""node_type"": ""ROOM"", ""description"": ""421호 강의실"", ""anchor_room"": null, ""room_range"": null, ""clip_score"": 0.037843, ""ocr_score"": 0.0, ""geo_score"": 0.259542, ""prior_score"": 0.0, ""combined_score"": 0.14166}, {""rank"": 4, ""node_id"": 429, ""node_type"": ""ROOM"", ""description"": ""429호 강의실"", ""anchor_room"": null, ""room_range"": null, ""clip_score"": 0.032548, ""ocr_score"": 0.0, ""geo_score"": 0.235714, ""prior_score"": 0.0, ""combined_score"": 0.126834}, {""rank"": 5, ""node_id"": 422, ""node_type"": ""ROOM"", ""description"": ""422호 강의실"", ""anchor_room"": null, ""room_range"": null, ""clip_score"": 0.034997, ""ocr_score"": 0.0, ""geo_score"": 0.220183, ""prior_score"": 0.0, ""combined_score"": 0.12307}, {""rank"": 6, ""node_id"": 431, ""node_type"": ""ROOM"", ""description"": ""431호 강의실"", ""anchor_room"": null, ""room_range"": null, ""clip_score"": 0.036411, ""ocr_score"": 0.0, ""geo_score"": 0.205607, ""prior_score"": 0.0, ""combined_score"": 0.118654}, {""rank"": 7, ""node_id"": 420, ""node_type"": ""ROOM"", ""description"": ""420호 강의실"", ""anchor_room"": null, ""room_range"": null, ""clip_score"": 0.036038, ""ocr_score"": 0.0, ""geo_score"": 0.192308, ""prior_score"": 0.0, ""combined_score"": 0.112961}, {""rank"": 8, ""node_id"": 419, ""node_type"": ""ROOM"", ""description"": ""419호 강의실"", ""anchor_room"": null, ""room_range"": null, ""clip_score"": 0.034175, ""ocr_score"": 0.0, ""geo_score"": 0.172131, ""prior_score"": 0.0, ""combined_score"": 0.103027}, {""rank"": 9, ""node_id"": 4170, ""node_type"": ""STUDY"", ""description"": ""아라테크네 학습공간 입구"", ""anchor_room"": null, ""room_range"": null, ""clip_score"": 0.034618, ""ocr_score"": 0.0, ""geo_score"": 0.142857, ""prior_score"": 0.0, ""combined_score"": 0.091761}, {""rank"": 10, ""node_id"": 423, ""node_type"": ""ROOM"", ""description"": ""423호 강의실"", ""anchor_room"": null, ""room_range"": null, ""clip_score"": 0.030651, ""ocr_score"": 0.0, ""geo_score"": 0.068027, ""prior_score"": 0.0, ""combined_score"": 0.057862}]",
benchmarks\room_test_60deg\406_R.jpg,406_R.jpg,406,R,,427,0.267648,0,0,0,,0.0,2,0,1,,[],"[427, 419, 421, 4103, 430]",10,10,"[{""rank"": 1, ""node_id"": 427, ""node_type"": ""ROOM"", ""description"": ""427호 강의실"", ""anchor_room"": null, ""room_range"": null, ""clip_score"": 0.006885, ""ocr_score"": 0.0, ""geo_score"": 0.19209, ""prior_score"": 0.0, ""combined_score"": 0.083721}, {""rank"": 2, ""node_id"": 419, ""node_type"": ""ROOM"", ""description"": ""419호 강의실"", ""anchor_room"": null, ""room_range"": null, ""clip_score"": 0.003598, ""ocr_score"": 0.0, ""geo_score"": 0.188811, ""prior_score"": 0.0, ""combined_score"": 0.079123}, {""rank"": 3, ""node_id"": 421, ""node_type"": ""ROOM"", ""description"": ""421호 강의실"", ""anchor_room"": null, ""room_range"": null, ""clip_score"": 0.010783, ""ocr_score"": 0.0, ""geo_score"": 0.138211, ""prior_score"": 0.0, ""combined_score"": 0.066068}, {""rank"": 4, ""node_id"": 4103, ""node_type"": ""CORRIDOR"", ""description"": ""4층 412~425 앞 복도(우측 세로 복도)"", ""anchor_room"": null, ""room_range"": ""412-425"", ""clip_score"": 0.007076, ""ocr_score"": 0.0, ""geo_score"": 0.125, ""prior_score"": 0.0, ""combined_score"": 0.057076}, {""rank"": 5, ""node_id"": 430, ""node_type"": ""ROOM"", ""description"": ""430호 강의실"", ""anchor_room"": null, ""room_range"": null, ""clip_score"": 0.003637, ""ocr_score"": 0.0, ""geo_score"": 0.121951, ""prior_score"": 0.0, ""combined_score"": 0.052417}, {""rank"": 6, ""node_id"": 423, ""node_type"": ""ROOM"", ""description"": ""423호 강의실"", ""anchor_room"": null, ""room_range"": null, ""clip_score"": 0.002387, ""ocr_score"": 0.0, ""geo_score"": 0.119205, ""prior_score"": 0.0, ""combined_score"": 0.050069}, {""rank"": 7, ""node_id"": 422, ""node_type"": ""ROOM"", ""description"": ""422호 강의실"", ""anchor_room"": null, ""room_range"": null, ""clip_score"": 0.006709, ""ocr_score"": 0.0, ""geo_score"": 0.103448, ""prior_score"": 0.0, ""combined_score"": 0.048089}, {""rank"": 8, ""node_id"": 431, ""node_type"": ""ROOM"", ""description"": ""431호 강의실"", ""anchor_room"": null, ""room_range"": null, ""clip_score"": 0.007083, ""ocr_score"": 0.0, ""geo_score"": 0.10101, ""prior_score"": 0.0, ""combined_score"": 0.047487}, {""rank"": 9, ""node_id"": 429, ""node_type"": ""ROOM"", ""description"": ""429호 강의실"", ""anchor_room"": null, ""room_range"": null, ""clip_score"": 0.004395, ""ocr_score"": 0.0, ""geo_score"": 0.103448, ""prior_score"": 0.0, ""combined_score"": 0.045774}, {""rank"": 10, ""node_id"": 4170, ""node_type"": ""STUDY"", ""description"": ""아라테크네 학습공간 입구"", ""anchor_room"": null, ""room_range"": null, ""clip_score"": 0.003565, ""ocr_score"": 0.0, ""geo_score"": 0.096386, ""prior_score"": 0.0, ""combined_score"": 0.042119}]",
benchmarks\room_test_60deg\407_L.jpg,407_L.jpg,407,L,,4170,0.236901,0,0,0,,0.0,5,0,0,407,[],"[4170, 421, 427, 422, 419]",10,10,"[{""rank"": 1, ""node_id"": 4170, ""node_type"": ""STUDY"", ""description"": ""아라테크네 학습공간 입구"", ""anchor_room"": null, ""room_range"": null, ""clip_score"": 0.06158, ""ocr_score"": 0.0, ""geo_score"": 0.122222, ""prior_score"": 0.0, ""combined_score"": 0.110469}, {""rank"": 2, ""node_id"": 421, ""node_type"": ""ROOM"", ""description"": ""421호 강의실"", ""anchor_room"": null, ""room_range"": null, ""clip_score"": 0.056422, ""ocr_score"": 0.0, ""geo_score"": 0.124031, ""prior_score"": 0.0, ""combined_score"": 0.106035}, {""rank"": 3, ""node_id"": 427, ""node_type"": ""ROOM"", ""description"": ""427호 강의실"", ""anchor_room"": null, ""room_range"": null, ""clip_score"": 0.054538, ""ocr_score"": 0.0, ""geo_score"": 0.116279, ""prior_score"": 0.0, ""combined_score"": 0.10105}, {""rank"": 4, ""node_id"": 422, ""node_type"": ""ROOM"", ""description"": ""422호 강의실"", ""anchor_room"": null, ""room_range"": null, ""clip_score"": 0.055207, ""ocr_score"": 0.0, ""geo_score"": 0.111888, ""prior_score"": 0.0, ""combined_score"": 0.099962}, {""rank"": 5, ""node_id"": 419, ""node_type"": ""ROOM"", ""description"": ""419호 강의실"", ""anchor_room"": null, ""room_range"": null, ""clip_score"": 0.052857, ""ocr_score"": 0.0, ""geo_score"": 0.093458, ""prior_score"": 0.0, ""combined_score"": 0.090241}, {""rank"": 6, ""node_id"": 431, ""node_type"": ""ROOM"", ""description"": ""431호 강의실"", ""anchor_room"": null, ""room_range"": null, ""clip_score"": 0.050523, ""ocr_score"": 0.0, ""geo_score"": 0.098592, ""prior_score"": 0.0, ""combined_score"": 0.08996}, {""rank"": 7, ""node_id"": 420, ""node_type"": ""ROOM"", ""description"": ""420호 강의실"", ""anchor_room"": null, ""room_range"": null, ""clip_score"": 0.049829, ""ocr_score"": 0.0, ""geo_score"": 0.094488, ""prior_score"": 0.0, ""combined_score"": 0.087624}, {""rank"": 8, ""node_id"": 430, ""node_type"": ""ROOM"", ""description"": ""430호 강의실"", ""anchor_room"": null, ""room_range"": null, ""clip_score"": 0.04885, ""ocr_score"": 0.0, ""geo_score"": 0.093333, ""prior_score"": 0.0, ""combined_score"": 0.086184}, {""rank"": 9, ""node_id"": 428, ""node_type"": ""ROOM"", ""description"": ""428호 강의실"", ""anchor_room"": null, ""room_range"": null, ""clip_score"": 0.049259, ""ocr_score"": 0.0, ""geo_score"": 0.074074, ""prior_score"": 0.0, ""combined_score"": 0.078888}, {""rank"": 10, ""node_id"": 424, ""node_type"": ""ROOM"", ""description"": ""424호 강의실"", ""anchor_room"": null, ""room_range"": null, ""clip_score"": 0.049334, ""ocr_score"": 0.0, ""geo_score"": 0.067797, ""prior_score"": 0.0, ""combined_score"": 0.076452}]",
benchmarks\room_test_60deg\407_R.jpg,407_R.jpg,407,R,,405,0.366887,0,0,0,,0.0,3,0,0,407,[],"[405, 423, 422, 427, 419]",10,10,"[{""rank"": 1, ""node_id"": 405, ""node_type"": ""ROOM"", ""description"": ""405호 강의실"", ""anchor_room"": null, ""room_range"": null, ""clip_score"": 0.039983, ""ocr_score"": 0.0, ""geo_score"": 0.232932, ""prior_score"": 0.0, ""combined_score"": 0.133155}, {""rank"": 2, ""node_id"": 423, ""node_type"": ""ROOM"", ""description"": ""423호 강의실"", ""anchor_room"": null, ""room_range"": null, ""clip_score"": 0.035431, ""ocr_score"": 0.0, ""geo_score"": 0.145729, ""prior_score"": 0.0, ""combined_score"": 0.093722}, {""rank"": 3, ""node_id"": 422, ""node_type"": ""ROOM"", ""description"": ""422호 강의실"", ""anchor_room"": null, ""room_range"": null, ""clip_score"": 0.03894, ""ocr_score"": 0.0, ""geo_score"": 0.133721, ""prior_score"": 0.0, ""combined_score"": 0.092429}, {""rank"": 4, ""node_id"": 427, ""node_type"": ""ROOM"", ""description"": ""427호 강의실"", ""anchor_room"": null, ""room_range"": null, ""clip_score"": 0.041009, ""ocr_score"": 0.0, ""geo_score"": 0.121547, ""prior_score"": 0.0, ""combined_score"": 0.089628}, {""rank"": 5, ""node_id"": 419, ""node_type"": ""ROOM"", ""description"": ""419호 강의실"", ""anchor_room"": null, ""room_range"": null, ""clip_score"": 0.037309, ""ocr_score"": 0.0, ""geo_score"": 0.128049, ""prior_score"": 0.0, ""combined_score"": 0.088529}, {""rank"": 6, ""node_id"": 420, ""node_type"": ""ROOM"", ""description"": ""420호 강의실"", ""anchor_room"": null, ""room_range"": null, ""clip_score"": 0.039454, ""ocr_score"": 0.0, ""geo_score"": 0.12, ""prior_score"": 0.0, ""combined_score"": 0.087454}, {""rank"": 7, ""node_id"": 430, ""node_type"": ""ROOM"", ""description"": ""430호 강의실"", ""anchor_room"": null, ""room_range"": null, ""clip_score"": 0.035502, ""ocr_score"": 0.0, ""geo_score"": 0.101695, ""prior_score"": 0.0, ""combined_score"": 0.07618}, {""rank"": 8, ""node_id"": 421, ""node_type"": ""ROOM"", ""description"": ""421호 강의실"", ""anchor_room"": null, ""room_range"": null, ""clip_score"": 0.044833, ""ocr_score"": 0.0, ""geo_score"": 0.077465, ""prior_score"": 0.0, ""combined_score"": 0.075819}, {""rank"": 9, ""node_id"": 416, ""node_type"": ""ROOM"", ""description"": ""416호 강의실"", ""anchor_room"": null, ""room_range"": null, ""clip_score"": 0.04068, ""ocr_score"": 0.0, ""geo_score"": 0.080247, ""prior_score"": 0.0, ""combined_score"": 0.072779}, {""rank"": 10, ""node_id"": 4170, ""node_type"": ""STUDY"", ""description"": ""아라테크네 학습공간 입구"", ""anchor_room"": null, ""room_range"": null, ""clip_score"": 0.046578, ""ocr_score"": 0.0, ""geo_score"": 0.056338, ""prior_score"": 0.0, ""combined_score"": 0.069113}]",
benchmarks\room_test_60deg\408_L.jpg,408_L.jpg,408,L,,427,0.345462,0,0,0,,0.0,4,0,0,408,[],"[427, 430, 428, 421, 429]",10,10,"[{""rank"": 1, ""node_id"": 427, ""node_type"": ""ROOM"", ""description"": ""427호 강의실"", ""anchor_room"": null, ""room_range"": null, ""clip_score"": 0.033824, ""ocr_score"": 0.0, ""geo_score"": 0.232258, ""prior_score"": 0.0, ""combined_score"": 0.126728}, {""rank"": 2, ""node_id"": 430, ""node_type"": ""ROOM"", ""description"": ""430호 강의실"", ""anchor_room"": null, ""room_range"": null, ""clip_score"": 0.029687, ""ocr_score"": 0.0, ""geo_score"": 0.166667, ""prior_score"": 0.0, ""combined_score"": 0.096353}, {""rank"": 3, ""node_id"": 428, ""node_type"": ""ROOM"", ""description"": ""428호 강의실"", ""anchor_room"": null, ""room_range"": null, ""clip_score"": 0.027221, ""ocr_score"": 0.0, ""geo_score"": 0.157895, ""prior_score"": 0.0, ""combined_score"": 0.090378}, {""rank"": 4, ""node_id"": 421, ""node_type"": ""ROOM"", ""description"": ""421호 강의실"", ""anchor_room"": null, ""room_range"": null, ""clip_score"": 0.031552, ""ocr_score"": 0.0, ""geo_score"": 0.135135, ""prior_score"": 0.0, ""combined_score"": 0.085606}, {""rank"": 5, ""node_id"": 429, ""node_type"": ""ROOM"", ""description"": ""429호 강의실"", ""anchor_room"": null, ""room_range"": null, ""clip_score"": 0.028007, ""ocr_score"": 0.0, ""geo_score"": 0.140496, ""prior_score"": 0.0, ""combined_score"": 0.084206}, {""rank"": 6, ""node_id"": 422, ""node_type"": ""ROOM"", ""description"": ""422호 강의실"", ""anchor_room"": null, ""room_range"": null, ""clip_score"": 0.028254, ""ocr_score"": 0.0, ""geo_score"": 0.12, ""prior_score"": 0.0, ""combined_score"": 0.076254}, {""rank"": 7, ""node_id"": 431, ""node_type"": ""ROOM"", ""description"": ""431호 강의실"", ""anchor_room"": null, ""room_range"": null, ""clip_score"": 0.030864, ""ocr_score"": 0.0, ""geo_score"": 0.111111, ""prior_score"": 0.0, ""combined_score"": 0.075308}, {""rank"": 8, ""node_id"": 4170, ""node_type"": ""STUDY"", ""description"": ""아라테크네 학습공간 입구"", ""anchor_room"": null, ""room_range"": null, ""clip_score"": 0.02961, ""ocr_score"": 0.0, ""geo_score"": 0.097826, ""prior_score"": 0.0, ""combined_score"": 0.06874}, {""rank"": 9, ""node_id"": 420, ""node_type"": ""ROOM"", ""description"": ""420호 강의실"", ""anchor_room"": null, ""room_range"": null, ""clip_score"": 0.027837, ""ocr_score"": 0.0, ""geo_score"": 0.095745, ""prior_score"": 0.0, ""combined_score"": 0.066135}, {""rank"": 10, ""node_id"": 423, ""node_type"": ""ROOM"", ""description"": ""423호 강의실"", ""anchor_room"": null, ""room_range"": null, ""clip_score"": 0.024619, ""ocr_score"": 0.0, ""geo_score"": 0.095238, ""prior_score"": 0.0, ""combined_score"": 0.062714}]",
benchmarks\room_test_60deg\408_R.jpg,408_R.jpg,408,R,,431,0.244025,0,0,0,,0.0,4,0,0,408,[],"[431, 4170, 421, 427, 429]",10,10,"[{""rank"": 1, ""node_id"": 431, ""node_type"": ""ROOM"", ""description"": ""431호 강의실"", ""anchor_room"": null, ""room_range"": null, ""clip_score"": 0.021835, ""ocr_score"": 0.0, ""geo_score"": 0.160839, ""prior_score"": 0.0, ""combined_score"": 0.086171}, {""rank"": 2, ""node_id"": 4170, ""node_type"": ""STUDY"", ""description"": ""아라테크네 학습공간 입구"", ""anchor_room"": null, ""room_range"": null, ""clip_score"": 0.026794, ""ocr_score"": 0.0, ""geo_score"": 0.134615, ""prior_score"": 0.0, ""combined_score"": 0.08064}, {""rank"": 3, ""node_id"": 421, ""node_type"": ""ROOM"", ""description"": ""421호 강의실"", ""anchor_room"": null, ""room_range"": null, ""clip_score"": 0.023863, ""ocr_score"": 0.0, ""geo_score"": 0.12, ""prior_score"": 0.0, ""combined_score"": 0.071863}, {""rank"": 4, ""node_id"": 427, ""node_type"": ""ROOM"", ""description"": ""427호 강의실"", ""anchor_room"": null, ""room_range"": null, ""clip_score"": 0.020125, ""ocr_score"": 0.0, ""geo_score"": 0.125714, ""prior_score"": 0.0, ""combined_score"": 0.07041}, {""rank"": 5, ""node_id"": 429, ""node_type"": ""ROOM"", ""description"": ""429호 강의실"", ""anchor_room"": null, ""room_range"": null, ""clip_score"": 0.014492, ""ocr_score"": 0.0, ""geo_score"": 0.138462, ""prior_score"": 0.0, ""combined_score"": 0.069877}, {""rank"": 6, ""node_id"": 422, ""node_type"": ""ROOM"", ""description"": ""422호 강의실"", ""anchor_room"": null, ""room_range"": null, ""clip_score"": 0.015513, ""ocr_score"": 0.0, ""geo_score"": 0.12973, ""prior_score"": 0.0, ""combined_score"": 0.067405}, {""rank"": 7, ""node_id"": 428, ""node_type"": ""ROOM"", ""description"": ""428호 강의실"", ""anchor_room"": null, ""room_range"": null, ""clip_score"": 0.01538, ""ocr_score"": 0.0, ""geo_score"": 0.12931, ""prior_score"": 0.0, ""combined_score"": 0.067104}, {""rank"": 8, ""node_id"": 430, ""node_type"": ""ROOM"", ""description"": ""430호 강의실"", ""anchor_room"": null, ""room_range"": null, ""clip_score"": 0.017996, ""ocr_score"": 0.0, ""geo_score"": 0.111111, ""prior_score"": 0.0, ""combined_score"": 0.062441}, {""rank"": 9, ""node_id"": 416, ""node_type"": ""ROOM"", ""description"": ""416호 강의실"", ""anchor_room"": null, ""room_range"": null, ""clip_score"": 0.013166, ""ocr_score"": 0.0, ""geo_score"": 0.12, ""prior_score"": 0.0, ""combined_score"": 0.061166}, {""rank"": 10, ""node_id"": 420, ""node_type"": ""ROOM"", ""description"": ""420호 강의실"", ""anchor_room"": null, ""room_range"": null, ""clip_score"": 0.013578, ""ocr_score"": 0.0, ""geo_score"": 0.090909, ""prior_score"": 0.0, ""combined_score"": 0.049942}]",
benchmarks\room_test_60deg\409_L.jpg,409_L.jpg,409,L,,428,0.33435,0,0,0,,0.0,4,0,0,,[],"[428, 408, 430, 431, 421]",10,10,"[{""rank"": 1, ""node_id"": 428, ""node_type"": ""ROOM"", ""description"": ""428호 강의실"", ""anchor_room"": null, ""room_range"": null, ""clip_score"": 0.023812, ""ocr_score"": 0.0, ""geo_score"": 0.285714, ""prior_score"": 0.0, ""combined_score"": 0.138098}, {""rank"": 2, ""node_id"": 408, ""node_type"": ""ROOM"", ""description"": ""408호 강의실"", ""anchor_room"": null, ""room_range"": null, ""clip_score"": 0.024259, ""ocr_score"": 0.0, ""geo_score"": 0.234177, ""prior_score"": 0.0, ""combined_score"": 0.117929}, {""rank"": 3, ""node_id"": 430, ""node_type"": ""ROOM"", ""description"": ""430호 강의실"", ""anchor_room"": null, ""room_range"": null, ""clip_score"": 0.02476, ""ocr_score"": 0.0, ""geo_score"": 0.185841, ""prior_score"": 0.0, ""combined_score"": 0.099097}, {""rank"": 4, ""node_id"": 431, ""node_type"": ""ROOM"", ""description"": ""431호 강의실"", ""anchor_room"": null, ""room_range"": null, ""clip_score"": 0.03122, ""ocr_score"": 0.0, ""geo_score"": 0.168605, ""prior_score"": 0.0, ""combined_score"": 0.098662}, {""rank"": 5, ""node_id"": 421, ""node_type"": ""ROOM"", ""description"": ""421호 강의실"", ""anchor_room"": null, ""room_range"": null, ""clip_score"": 0.028346, ""ocr_score"": 0.0, ""geo_score"": 0.162921, ""prior_score"": 0.0, ""combined_score"": 0.093514}, {""rank"": 6, ""node_id"": 422, ""node_type"": ""ROOM"", ""description"": ""422호 강의실"", ""anchor_room"": null, ""room_range"": null, ""clip_score"": 0.027575, ""ocr_score"": 0.0, ""geo_score"": 0.157895, ""prior_score"": 0.0, ""combined_score"": 0.090733}, {""rank"": 7, ""node_id"": 427, ""node_type"": ""ROOM"", ""description"": ""427호 강의실"", ""anchor_room"": null, ""room_range"": null, ""clip_score"": 0.031922, ""ocr_score"": 0.0, ""geo_score"": 0.121951, ""prior_score"": 0.0, ""combined_score"": 0.080702}, {""rank"": 8, ""node_id"": 4170, ""node_type"": ""STUDY"", ""description"": ""아라테크네 학습공간 입구"", ""anchor_room"": null, ""room_range"": null, ""clip_score"": 0.04147, ""ocr_score"": 0.0, ""geo_score"": 0.095745, ""prior_score"": 0.0, ""combined_score"": 0.079768}, {""rank"": 9, ""node_id"": 419, ""node_type"": ""ROOM"", ""description"": ""419호 강의실"", ""anchor_room"": null, ""room_range"": null, ""clip_score"": 0.02519, ""ocr_score"": 0.0, ""geo_score"": 0.121795, ""prior_score"": 0.0, ""combined_score"": 0.073908}, {""rank"": 10, ""node_id"": 429, ""node_type"": ""ROOM"", ""description"": ""429호 강의실"", ""anchor_room"": null, ""room_range"": null, ""clip_score"": 0.024868, ""ocr_score"": 0.0, ""geo_score"": 0.119205, ""prior_score"": 0.0, ""combined_score"": 0.07255}]",
benchmarks\room_test_60deg\409_R.jpg,409_R.jpg,409,R,,4103,0.886872,0,0,0,,0.0,3,0,0,"400,5420,434,542,401,410,425,409,426,405,423,429",[],"[4103, 423, 429, 431, 427]",10,10,"[{""rank"": 1, ""node_id"": 4103, ""node_type"": ""CORRIDOR"", ""description"": ""4층 412~425 앞 복도(우측 세로 복도)"", ""anchor_room"": null, ""room_range"": ""412-425"", ""clip_score"": 0.022415, ""ocr_score"": 0.8, ""geo_score"": 0.129944, ""prior_score"": 0.0, ""combined_score"": 0.714393}, {""rank"": 2, ""node_id"": 423, ""node_type"": ""ROOM"", ""description"": ""423호 강의실"", ""anchor_room"": null, ""room_range"": null, ""clip_score"": 0.017177, ""ocr_score"": 0.6, ""geo_score"": 0.25656, ""prior_score"": 0.0, ""combined_score"": 0.599801}, {""rank"": 3, ""node_id"": 429, ""node_type"": ""ROOM"", ""description"": ""429호 강의실"", ""anchor_room"": null, ""room_range"": null, ""clip_score"": 0.014207, ""ocr_score"": 0.6, ""geo_score"": 0.096447, ""prior_score"": 0.0, ""combined_score"": 0.532786}, {""rank"": 4, ""node_id"": 431, ""node_type"": ""ROOM"", ""description"": ""431호 강의실"", ""anchor_room"": null, ""room_range"": null, ""clip_score"": 0.01771, ""ocr_score"": 0.0, ""geo_score"": 0.321526, ""prior_score"": 0.0, ""combined_score"": 0.14632}, {""rank"": 5, ""node_id"": 427, ""node_type"": ""ROOM"", ""description"": ""427호 강의실"", ""anchor_room"": null, ""room_range"": null, ""clip_score"": 0.017775, ""ocr_score"": 0.0, ""geo_score"": 0.247967, ""prior_score"": 0.0, ""combined_score"": 0.116962}, {""rank"": 6, ""node_id"": 421, ""node_type"": ""ROOM"", ""description"": ""421호 강의실"", ""anchor_room"": null, ""room_range"": null, ""clip_score"": 0.023246, ""ocr_score"": 0.0, ""geo_score"": 0.223077, ""prior_score"": 0.0, ""combined_score"": 0.112476}, {""rank"": 7, ""node_id"": 422, ""node_type"": ""ROOM"", ""description"": ""422호 강의실"", ""anchor_room"": null, ""room_range"": null, ""clip_score"": 0.016449, ""ocr_score"": 0.0, ""geo_score"": 0.235537, ""prior_score"": 0.0, ""combined_score"": 0.110664}, {""rank"": 8, ""node_id"": 419, ""node_type"": ""ROOM"", ""description"": ""419호 강의실"", ""anchor_room"": null, ""room_range"": null, ""clip_score"": 0.016963, ""ocr_score"": 0.0, ""geo_score"": 0.182292, ""prior_score"": 0.0, ""combined_score"": 0.08988}, {""rank"": 9, ""node_id"": 416, ""node_type"": ""ROOM"", ""description"": ""416호 강의실"", ""anchor_room"": null, ""room_range"": null, ""clip_score"": 0.013771, ""ocr_score"": 0.0, ""geo_score"": 0.13986, ""prior_score"": 0.0, ""combined_score"": 0.069715}, {""rank"": 10, ""node_id"": 430, ""node_type"": ""ROOM"", ""description"": ""430호 강의실"", ""anchor_room"": null, ""room_range"": null, ""clip_score"": 0.014108, ""ocr_score"": 0.0, ""geo_score"": 0.111801, ""prior_score"": 0.0, ""combined_score"": 0.058829}]",
benchmarks\room_test_60deg\410_L.jpg,410_L.jpg,410,L,,421,0.461533,0,0,0,,0.0,4,0,0,,[],"[421, 422, 427, 4170, 430]",10,10,"[{""rank"": 1, ""node_id"": 421, ""node_type"": ""ROOM"", ""description"": ""421호 강의실"", ""anchor_room"": null, ""room_range"": null, ""clip_score"": 0.024964, ""ocr_score"": 0.0, ""geo_score"": 0.280255, ""prior_score"": 0.0, ""combined_score"": 0.137066}, {""rank"": 2, ""node_id"": 422, ""node_type"": ""ROOM"", ""description"": ""422호 강의실"", ""anchor_room"": null, ""room_range"": null, ""clip_score"": 0.021742, ""ocr_score"": 0.0, ""geo_score"": 0.151316, ""prior_score"": 0.0, ""combined_score"": 0.082268}, {""rank"": 3, ""node_id"": 427, ""node_type"": ""ROOM"", ""description"": ""427호 강의실"", ""anchor_room"": null, ""room_range"": null, ""clip_score"": 0.025675, ""ocr_score"": 0.0, ""geo_score"": 0.119266, ""prior_score"": 0.0, ""combined_score"": 0.073381}, {""rank"": 4, ""node_id"": 4170, ""node_type"": ""STUDY"", ""description"": ""아라테크네 학습공간 입구"", ""anchor_room"": null, ""room_range"": null, ""clip_score"": 0.028692, ""ocr_score"": 0.0, ""geo_score"": 0.111111, ""prior_score"": 0.0, ""combined_score"": 0.073136}, {""rank"": 5, ""node_id"": 430, ""node_type"": ""ROOM"", ""description"": ""430호 강의실"", ""anchor_room"": null, ""room_range"": null, ""clip_score"": 0.019046, ""ocr_score"": 0.0, ""geo_score"": 0.133333, ""prior_score"": 0.0, ""combined_score"": 0.072379}, {""rank"": 6, ""node_id"": 431, ""node_type"": ""ROOM"", ""description"": ""431호 강의실"", ""anchor_room"": null, ""room_range"": null, ""clip_score"": 0.022567, ""ocr_score"": 0.0, ""geo_score"": 0.11875, ""prior_score"": 0.0, ""combined_score"": 0.070067}, {""rank"": 7, ""node_id"": 419, ""node_type"": ""ROOM"", ""description"": ""419호 강의실"", ""anchor_room"": null, ""room_range"": null, ""clip_score"": 0.019809, ""ocr_score"": 0.0, ""geo_score"": 0.125, ""prior_score"": 0.0, ""combined_score"": 0.069809}, {""rank"": 8, ""node_id"": 429, ""node_type"": ""ROOM"", ""description"": ""429호 강의실"", ""anchor_room"": null, ""room_range"": null, ""clip_score"": 0.016429, ""ocr_score"": 0.0, ""geo_score"": 0.109489, ""prior_score"": 0.0, ""combined_score"": 0.060224}, {""rank"": 9, ""node_id"": 428, ""node_type"": ""ROOM"", ""description"": ""428호 강의실"", ""anchor_room"": null, ""room_range"": null, ""clip_score"": 0.019213, ""ocr_score"": 0.0, ""geo_score"": 0.098901, ""prior_score"": 0.0, ""combined_score"": 0.058773}, {""rank"": 10, ""node_id"": 420, ""node_type"": ""ROOM"", ""description"": ""420호 강의실"", ""anchor_room"": null, ""room_range"": null, ""clip_score"": 0.020373, ""ocr_score"": 0.0, ""geo_score"": 0.089109, ""prior_score"": 0.0, ""combined_score"": 0.056016}]",
benchmarks\room_test_60deg\410_R.jpg,410_R.jpg,410,R,,416,0.324809,0,0,0,,0.0,4,0,0,410,[],"[416, 4170, 422, 429, 4107]",10,10,"[{""rank"": 1, ""node_id"": 416, ""node_type"": ""ROOM"", ""description"": ""416호 강의실"", ""anchor_room"": null, ""room_range"": null, ""clip_score"": 0.003675, ""ocr_score"": 0.0, ""geo_score"": 0.208333, ""prior_score"": 0.0, ""combined_score"": 0.087008}, {""rank"": 2, ""node_id"": 4170, ""node_type"": ""STUDY"", ""description"": ""아라테크네 학습공간 입구"", ""anchor_room"": null, ""room_range"": null, ""clip_score"": 0.026443, ""ocr_score"": 0.0, ""geo_score"": 0.114943, ""prior_score"": 0.0, ""combined_score"": 0.07242}, {""rank"": 3, ""node_id"": 422, ""node_type"": ""ROOM"", ""description"": ""422호 강의실"", ""anchor_room"": null, ""room_range"": null, ""clip_score"": -0.00311, ""ocr_score"": 0.0, ""geo_score"": 0.125, ""prior_score"": 0.0, ""combined_score"": 0.04689}, {""rank"": 4, ""node_id"": 429, ""node_type"": ""ROOM"", ""description"": ""429호 강의실"", ""anchor_room"": null, ""room_range"": null, ""clip_score"": -0.000111, ""ocr_score"": 0.0, ""geo_score"": 0.115942, ""prior_score"": 0.0, ""combined_score"": 0.046266}, {""rank"": 5, ""node_id"": 4107, ""node_type"": ""PASSAGE"", ""description"": ""4층 하단 엘리베이터 앞 통로(아라테크네 방향)"", ""anchor_room"": null, ""room_range"": null, ""clip_score"": -0.00101, ""ocr_score"": 0.0, ""geo_score"": 0.117647, ""prior_score"": 0.0, ""combined_score"": 0.046049}, {""rank"": 6, ""node_id"": 431, ""node_type"": ""ROOM"", ""description"": ""431호 강의실"", ""anchor_room"": null, ""room_range"": null, ""clip_score"": 0.003958, ""ocr_score"": 0.0, ""geo_score"": 0.097345, ""prior_score"": 0.0, ""combined_score"": 0.042896}, {""rank"": 7, ""node_id"": 421, ""node_type"": ""ROOM"", ""description"": ""421호 강의실"", ""anchor_room"": null, ""room_range"": null, ""clip_score"": 0.005069, ""ocr_score"": 0.0, ""geo_score"": 0.093458, ""prior_score"": 0.0, ""combined_score"": 0.042452}, {""rank"": 8, ""node_id"": 427, ""node_type"": ""ROOM"", ""description"": ""427호 강의실"", ""anchor_room"": null, ""room_range"": null, ""clip_score"": 0.000928, ""ocr_score"": 0.0, ""geo_score"": 0.089172, ""prior_score"": 0.0, ""combined_score"": 0.036596}, {""rank"": 9, ""node_id"": 430, ""node_type"": ""ROOM"", ""description"": ""430호 강의실"", ""anchor_room"": null, ""room_range"": null, ""clip_score"": 0.000747, ""ocr_score"": 0.0, ""geo_score"": 0.081967, ""prior_score"": 0.0, ""combined_score"": 0.033534}, {""rank"": 10, ""node_id"": 420, ""node_type"": ""ROOM"", ""description"": ""420호 강의실"", ""anchor_room"": null, ""room_range"": null, ""clip_score"": -0.003395, ""ocr_score"": 0.0, ""geo_score"": 0.090909, ""prior_score"": 0.0, ""combined_score"": 0.032969}]",
benchmarks\room_test_60deg\411_L.jpg,411_L.jpg,411,L,,4170,0.243042,0,0,0,,0.0,4,0,0,411,[],"[4170, 4103, 427, 419, 421]",10,10,"[{""rank"": 1, ""node_id"": 4170, ""node_type"": ""STUDY"", ""description"": ""아라테크네 학습공간 입구"", ""anchor_room"": null, ""room_range"": null, ""clip_score"": 0.073198, ""ocr_score"": 0.0, ""geo_score"": 0.164179, ""prior_score"": 0.0, ""combined_score"": 0.13887}, {""rank"": 2, ""node_id"": 4103, ""node_type"": ""CORRIDOR"", ""description"": ""4층 412~425 앞 복도(우측 세로 복도)"", ""anchor_room"": null, ""room_range"": ""412-425"", ""clip_score"": 0.064858, ""ocr_score"": 0.0, ""geo_score"": 0.183908, ""prior_score"": 0.0, ""combined_score"": 0.138421}, {""rank"": 3, ""node_id"": 427, ""node_type"": ""ROOM"", ""description"": ""427호 강의실"", ""anchor_room"": null, ""room_range"": null, ""clip_score"": 0.065765, ""ocr_score"": 0.0, ""geo_score"": 0.163793, ""prior_score"": 0.0, ""combined_score"": 0.131282}, {""rank"": 4, ""node_id"": 419, ""node_type"": ""ROOM"", ""description"": ""419호 강의실"", ""anchor_room"": null, ""room_range"": null, ""clip_score"": 0.066937, ""ocr_score"": 0.0, ""geo_score"": 0.134454, ""prior_score"": 0.0, ""combined_score"": 0.120718}, {""rank"": 5, ""node_id"": 421, ""node_type"": ""ROOM"", ""description"": ""421호 강의실"", ""anchor_room"": null, ""room_range"": null, ""clip_score"": 0.066647, ""ocr_score"": 0.0, ""geo_score"": 0.11, ""prior_score"": 0.0, ""combined_score"": 0.110647}, {""rank"": 6, ""node_id"": 422, ""node_type"": ""ROOM"", ""description"": ""422호 강의실"", ""anchor_room"": null, ""room_range"": null, ""clip_score"": 0.061875, ""ocr_score"": 0.0, ""geo_score"": 0.111111, ""prior_score"": 0.0, ""combined_score"": 0.106319}, {""rank"": 7, ""node_id"": 420, ""node_type"": ""ROOM"", ""description"": ""420호 강의실"", ""anchor_room"": null, ""room_range"": null, ""clip_score"": 0.059347, ""ocr_score"": 0.0, ""geo_score"": 0.113636, ""prior_score"": 0.0, ""combined_score"": 0.104802}, {""rank"": 8, ""node_id"": 416, ""node_type"": ""ROOM"", ""description"": ""416호 강의실"", ""anchor_room"": null, ""room_range"": null, ""clip_score"": 0.058516, ""ocr_score"": 0.0, ""geo_score"": 0.097561, ""prior_score"": 0.0, ""combined_score"": 0.09754}, {""rank"": 9, ""node_id"": 429, ""node_type"": ""ROOM"", ""description"": ""429호 강의실"", ""anchor_room"": null, ""room_range"": null, ""clip_score"": 0.057478, ""ocr_score"": 0.0, ""geo_score"": 0.09901, ""prior_score"": 0.0, ""combined_score"": 0.097082}, {""rank"": 10, ""node_id"": 431, ""node_type"": ""ROOM"", ""description"": ""431호 강의실"", ""anchor_room"": null, ""room_range"": null, ""clip_score"": 0.061833, ""ocr_score"": 0.0, ""geo_score"": 0.078947, ""prior_score"": 0.0, ""combined_score"": 0.093412}]",
benchmarks\room_test_60deg\411_R.jpg,411_R.jpg,411,R,,427,0.224714,0,0,0,,0.0,4,0,0,5037,[],"[427, 419, 4170, 422, 4103]",10,10,"[{""rank"": 1, ""node_id"": 427, ""node_type"": ""ROOM"", ""description"": ""427호 강의실"", ""anchor_room"": null, ""room_range"": null, ""clip_score"": 0.037324, ""ocr_score"": 0.0, ""geo_score"": 0.186047, ""prior_score"": 0.0, ""combined_score"": 0.111743}, {""rank"": 2, ""node_id"": 419, ""node_type"": ""ROOM"", ""description"": ""419호 강의실"", ""anchor_room"": null, ""room_range"": null, ""clip_score"": 0.033403, ""ocr_score"": 0.0, ""geo_score"": 0.194286, ""prior_score"": 0.0, ""combined_score"": 0.111118}, {""rank"": 3, ""node_id"": 4170, ""node_type"": ""STUDY"", ""description"": ""아라테크네 학습공간 입구"", ""anchor_room"": null, ""room_range"": null, ""clip_score"": 0.035215, ""ocr_score"": 0.0, ""geo_score"": 0.169811, ""prior_score"": 0.0, ""combined_score"": 0.103139}, {""rank"": 4, ""node_id"": 422, ""node_type"": ""ROOM"", ""description"": ""422호 강의실"", ""anchor_room"": null, ""room_range"": null, ""clip_score"": 0.035707, ""ocr_score"": 0.0, ""geo_score"": 0.165217, ""prior_score"": 0.0, ""combined_score"": 0.101794}, {""rank"": 5, ""node_id"": 4103, ""node_type"": ""CORRIDOR"", ""description"": ""4층 412~425 앞 복도(우측 세로 복도)"", ""anchor_room"": null, ""room_range"": ""412-425"", ""clip_score"": 0.046413, ""ocr_score"": 0.0, ""geo_score"": 0.135593, ""prior_score"": 0.0, ""combined_score"": 0.100651}, {""rank"": 6, ""node_id"": 429, ""node_type"": ""ROOM"", ""description"": ""429호 강의실"", ""anchor_room"": null, ""room_range"": null, ""clip_score"": 0.035089, ""ocr_score"": 0.0, ""geo_score"": 0.14359, ""prior_score"": 0.0, ""combined_score"": 0.092525}, {""rank"": 7, ""node_id"": 4102, ""node_type"": ""CORRIDOR"", ""description"": ""4층 426~435, 401~406 앞 복도(좌측 세로 복도)"", ""anchor_room"": null, ""room_range"": ""401-406;426-435"", ""clip_score"": 0.037518, ""ocr_score"": 0.0, ""geo_score"": 0.131148, ""prior_score"": 0.0, ""combined_score"": 0.089977}, {""rank"": 8, ""node_id"": 421, ""node_type"": ""ROOM"", ""description"": ""421호 강의실"", ""anchor_room"": null, ""room_range"": null, ""clip_score"": 0.040804, ""ocr_score"": 0.0, ""geo_score"": 0.119403, ""prior_score"": 0.0, ""combined_score"": 0.088565}, {""rank"": 9, ""node_id"": 431, ""node_type"": ""ROOM"", ""description"": ""431호 강의실"", ""anchor_room"": null, ""room_range"": null, ""clip_score"": 0.032695, ""ocr_score"": 0.0, ""geo_score"": 0.138462, ""prior_score"": 0.0, ""combined_score"": 0.08808}, {""rank"": 10, ""node_id"": 430, ""node_type"": ""ROOM"", ""description"": ""430호 강의실"", ""anchor_room"": null, ""room_range"": null, ""clip_score"": 0.037961, ""ocr_score"": 0.0, ""geo_score"": 0.103896, ""prior_score"": 0.0, ""combined_score"": 0.079519}]",
benchmarks\room_test_60deg\412_L.jpg,412_L.jpg,412,L,,422,0.241829,0,0,0,,0.0,2,0,1,4121,[],"[422, 427, 4170, 419, 421]",10,10,"[{""rank"": 1, ""node_id"": 422, ""node_type"": ""ROOM"", ""description"": ""422호 강의실"", ""anchor_room"": null, ""room_range"": null, ""clip_score"": 0.027584, ""ocr_score"": 0.0, ""geo_score"": 0.230769, ""prior_score"": 0.0, ""combined_score"": 0.119891}, {""rank"": 2, ""node_id"": 427, ""node_type"": ""ROOM"", ""description"": ""427호 강의실"", ""anchor_room"": null, ""room_range"": null, ""clip_score"": 0.032951, ""ocr_score"": 0.0, ""geo_score"": 0.195652, ""prior_score"": 0.0, ""combined_score"": 0.111212}, {""rank"": 3, ""node_id"": 4170, ""node_type"": ""STUDY"", ""description"": ""아라테크네 학습공간 입구"", ""anchor_room"": null, ""room_range"": null, ""clip_score"": 0.031847, ""ocr_score"": 0.0, ""geo_score"": 0.194444, ""prior_score"": 0.0, ""combined_score"": 0.109625}, {""rank"": 4, ""node_id"": 419, ""node_type"": ""ROOM"", ""description"": ""419호 강의실"", ""anchor_room"": null, ""room_range"": null, ""clip_score"": 0.025842, ""ocr_score"": 0.0, ""geo_score"": 0.2, ""prior_score"": 0.0, ""combined_score"": 0.105842}, {""rank"": 5, ""node_id"": 421, ""node_type"": ""ROOM"", ""description"": ""421호 강의실"", ""anchor_room"": null, ""room_range"": null, ""clip_score"": 0.027956, ""ocr_score"": 0.0, ""geo_score"": 0.189655, ""prior_score"": 0.0, ""combined_score"": 0.103818}, {""rank"": 6, ""node_id"": 429, ""node_type"": ""ROOM"", ""description"": ""429호 강의실"", ""anchor_room"": null, ""room_range"": null, ""clip_score"": 0.024544, ""ocr_score"": 0.0, ""geo_score"": 0.190476, ""prior_score"": 0.0, ""combined_score"": 0.100734}, {""rank"": 7, ""node_id"": 431, ""node_type"": ""ROOM"", ""description"": ""431호 강의실"", ""anchor_room"": null, ""room_range"": null, ""clip_score"": 0.030121, ""ocr_score"": 0.0, ""geo_score"": 0.169231, ""prior_score"": 0.0, ""combined_score"": 0.097813}, {""rank"": 8, ""node_id"": 428, ""node_type"": ""ROOM"", ""description"": ""428호 강의실"", ""anchor_room"": null, ""room_range"": null, ""clip_score"": 0.023029, ""ocr_score"": 0.0, ""geo_score"": 0.175439, ""prior_score"": 0.0, ""combined_score"": 0.093205}, {""rank"": 9, ""node_id"": 430, ""node_type"": ""ROOM"", ""description"": ""430호 강의실"", ""anchor_room"": null, ""room_range"": null, ""clip_score"": 0.025883, ""ocr_score"": 0.0, ""geo_score"": 0.156863, ""prior_score"": 0.0, ""combined_score"": 0.088628}, {""rank"": 10, ""node_id"": 424, ""node_type"": ""ROOM"", ""description"": ""424호 강의실"", ""anchor_room"": null, ""room_range"": null, ""clip_score"": 0.022526, ""ocr_score"": 0.0, ""geo_score"": 0.132075, ""prior_score"": 0.0, ""combined_score"": 0.075356}]",
benchmarks\room_test_60deg\412_R.jpg,412_R.jpg,412,R,,4103,0.999988,0,0,0,,0.0,1,1,1,"412,472",[],"[4103, 429, 421, 420, 4170]",10,10,"[{""rank"": 1, ""node_id"": 4103, ""node_type"": ""CORRIDOR"", ""description"": ""4층 412~425 앞 복도(우측 세로 복도)"", ""anchor_room"": null, ""room_range"": ""412-425"", ""clip_score"": -0.013616, ""ocr_score"": 0.8, ""geo_score"": 0.185841, ""prior_score"": 0.0, ""combined_score"": 0.700721}, {""rank"": 2, ""node_id"": 429, ""node_type"": ""ROOM"", ""description"": ""429호 강의실"", ""anchor_room"": null, ""room_range"": null, ""clip_score"": -0.017999, ""ocr_score"": 0.0, ""geo_score"": 0.248408, ""prior_score"": 0.0, ""combined_score"": 0.081364}, {""rank"": 3, ""node_id"": 421, ""node_type"": ""ROOM"", ""description"": ""421호 강의실"", ""anchor_room"": null, ""room_range"": null, ""clip_score"": -0.010673, ""ocr_score"": 0.0, ""geo_score"": 0.2, ""prior_score"": 0.0, ""combined_score"": 0.069327}, {""rank"": 4, ""node_id"": 420, ""node_type"": ""ROOM"", ""description"": ""420호 강의실"", ""anchor_room"": null, ""room_range"": null, ""clip_score"": -0.018434, ""ocr_score"": 0.0, ""geo_score"": 0.1875, ""prior_score"": 0.0, ""combined_score"": 0.056566}, {""rank"": 5, ""node_id"": 4170, ""node_type"": ""STUDY"", ""description"": ""아라테크네 학습공간 입구"", ""anchor_room"": null, ""room_range"": null, ""clip_score"": -0.002081, ""ocr_score"": 0.0, ""geo_score"": 0.126984, ""prior_score"": 0.0, ""combined_score"": 0.048713}, {""rank"": 6, ""node_id"": 431, ""node_type"": ""ROOM"", ""description"": ""431호 강의실"", ""anchor_room"": null, ""room_range"": null, ""clip_score"": -0.014711, ""ocr_score"": 0.0, ""geo_score"": 0.148438, ""prior_score"": 0.0, ""combined_score"": 0.044664}, {""rank"": 7, ""node_id"": 427, ""node_type"": ""ROOM"", ""description"": ""427호 강의실"", ""anchor_room"": null, ""room_range"": null, ""clip_score"": -0.013715, ""ocr_score"": 0.0, ""geo_score"": 0.134752, ""prior_score"": 0.0, ""combined_score"": 0.040185}, {""rank"": 8, ""node_id"": 428, ""node_type"": ""ROOM"", ""description"": ""428호 강의실"", ""anchor_room"": null, ""room_range"": null, ""clip_score"": -0.017444, ""ocr_score"": 0.0, ""geo_score"": 0.140625, ""prior_score"": 0.0, ""combined_score"": 0.038806}, {""rank"": 9, ""node_id"": 422, ""node_type"": ""ROOM"", ""description"": ""422호 강의실"", ""anchor_room"": null, ""room_range"": null, ""clip_score"": -0.0166, ""ocr_score"": 0.0, ""geo_score"": 0.123377, ""prior_score"": 0.0, ""combined_score"": 0.032751}, {""rank"": 10, ""node_id"": 430, ""node_type"": ""ROOM"", ""description"": ""430호 강의실"", ""anchor_room"": null, ""room_range"": null, ""clip_score"": -0.017024, ""ocr_score"": 0.0, ""geo_score"": 0.107143, ""prior_score"": 0.0, ""combined_score"": 0.025833}]",
benchmarks\room_test_60deg\413_L.jpg,413_L.jpg,413,L,,419,0.257376,0,0,0,,0.0,2,0,1,413,[],"[419, 427, 428, 420, 4170]",10,10,"[{""rank"": 1, ""node_id"": 419, ""node_type"": ""ROOM"", ""description"": ""419호 강의실"", ""anchor_room"": null, ""room_range"": null, ""clip_score"": 0.023163, ""ocr_score"": 0.0, ""geo_score"": 0.21, ""prior_score"": 0.0, ""combined_score"": 0.107163}, {""rank"": 2, ""node_id"": 427, ""node_type"": ""ROOM"", ""description"": ""427호 강의실"", ""anchor_room"": null, ""room_range"": null, ""clip_score"": 0.030538, ""ocr_score"": 0.0, ""geo_score"": 0.168224, ""prior_score"": 0.0, ""combined_score"": 0.097827}, {""rank"": 3, ""node_id"": 428, ""node_type"": ""ROOM"", ""description"": ""428호 강의실"", ""anchor_room"": null, ""room_range"": null, ""clip_score"": 0.021313, ""ocr_score"": 0.0, ""geo_score"": 0.186047, ""prior_score"": 0.0, ""combined_score"": 0.095732}, {""rank"": 4, ""node_id"": 420, ""node_type"": ""ROOM"", ""description"": ""420호 강의실"", ""anchor_room"": null, ""room_range"": null, ""clip_score"": 0.021634, ""ocr_score"": 0.0, ""geo_score"": 0.168675, ""prior_score"": 0.0, ""combined_score"": 0.089104}, {""rank"": 5, ""node_id"": 4170, ""node_type"": ""STUDY"", ""description"": ""아라테크네 학습공간 입구"", ""anchor_room"": null, ""room_range"": null, ""clip_score"": 0.028458, ""ocr_score"": 0.0, ""geo_score"": 0.125, ""prior_score"": 0.0, ""combined_score"": 0.078458}, {""rank"": 6, ""node_id"": 431, ""node_type"": ""ROOM"", ""description"": ""431호 강의실"", ""anchor_room"": null, ""room_range"": null, ""clip_score"": 0.024232, ""ocr_score"": 0.0, ""geo_score"": 0.133333, ""prior_score"": 0.0, ""combined_score"": 0.077565}, {""rank"": 7, ""node_id"": 430, ""node_type"": ""ROOM"", ""description"": ""430호 강의실"", ""anchor_room"": null, ""room_range"": null, ""clip_score"": 0.024692, ""ocr_score"": 0.0, ""geo_score"": 0.126761, ""prior_score"": 0.0, ""combined_score"": 0.075397}, {""rank"": 8, ""node_id"": 422, ""node_type"": ""ROOM"", ""description"": ""422호 강의실"", ""anchor_room"": null, ""room_range"": null, ""clip_score"": 0.024881, ""ocr_score"": 0.0, ""geo_score"": 0.114943, ""prior_score"": 0.0, ""combined_score"": 0.070858}, {""rank"": 9, ""node_id"": 421, ""node_type"": ""ROOM"", ""description"": ""421호 강의실"", ""anchor_room"": null, ""room_range"": null, ""clip_score"": 0.026195, ""ocr_score"": 0.0, ""geo_score"": 0.108108, ""prior_score"": 0.0, ""combined_score"": 0.069438}, {""rank"": 10, ""node_id"": 429, ""node_type"": ""ROOM"", ""description"": ""429호 강의실"", ""anchor_room"": null, ""room_range"": null, ""clip_score"": 0.021725, ""ocr_score"": 0.0, ""geo_score"": 0.116667, ""prior_score"": 0.0, ""combined_score"": 0.068392}]",
benchmarks\room_test_60deg\413_R.jpg,413_R.jpg,413,R,,4103,0.999988,0,0,0,,0.0,1,1,1,413,[],"[4103, 416, 421, 423, 4170]",10,10,"[{""rank"": 1, ""node_id"": 4103, ""node_type"": ""CORRIDOR"", ""description"": ""4층 412~425 앞 복도(우측 세로 복도)"", ""anchor_room"": null, ""room_range"": ""412-425"", ""clip_score"": 0.002798, ""ocr_score"": 0.8, ""geo_score"": 0.236641, ""prior_score"": 0.0, ""combined_score"": 0.737455}, {""rank"": 2, ""node_id"": 416, ""node_type"": ""ROOM"", ""description"": ""416호 강의실"", ""anchor_room"": null, ""room_range"": null, ""clip_score"": -0.002443, ""ocr_score"": 0.0, ""geo_score"": 0.341463, ""prior_score"": 0.0, ""combined_score"": 0.134143}, {""rank"": 3, ""node_id"": 421, ""node_type"": ""ROOM"", ""description"": ""421호 강의실"", ""anchor_room"": null, ""room_range"": null, ""clip_score"": 0.005651, ""ocr_score"": 0.0, ""geo_score"": 0.208861, ""prior_score"": 0.0, ""combined_score"": 0.089195}, {""rank"": 4, ""node_id"": 423, ""node_type"": ""ROOM"", ""description"": ""423호 강의실"", ""anchor_room"": null, ""room_range"": null, ""clip_score"": -0.003476, ""ocr_score"": 0.0, ""geo_score"": 0.224806, ""prior_score"": 0.0, ""combined_score"": 0.086446}, {""rank"": 5, ""node_id"": 4170, ""node_type"": ""STUDY"", ""description"": ""아라테크네 학습공간 입구"", ""anchor_room"": null, ""room_range"": null, ""clip_score"": 0.006043, ""ocr_score"": 0.0, ""geo_score"": 0.180851, ""prior_score"": 0.0, ""combined_score"": 0.078383}, {""rank"": 6, ""node_id"": 430, ""node_type"": ""ROOM"", ""description"": ""430호 강의실"", ""anchor_room"": null, ""room_range"": null, ""clip_score"": -0.000631, ""ocr_score"": 0.0, ""geo_score"": 0.191304, ""prior_score"": 0.0, ""combined_score"": 0.075891}, {""rank"": 7, ""node_id"": 429, ""node_type"": ""ROOM"", ""description"": ""429호 강의실"", ""anchor_room"": null, ""room_range"": null, ""clip_score"": -0.000198, ""ocr_score"": 0.0, ""geo_score"": 0.175573, ""prior_score"": 0.0, ""combined_score"": 0.070031}, {""rank"": 8, ""node_id"": 427, ""node_type"": ""ROOM"", ""description"": ""427호 강의실"", ""anchor_room"": null, ""room_range"": null, ""clip_score"": 0.002021, ""ocr_score"": 0.0, ""geo_score"": 0.15625, ""prior_score"": 0.0, ""combined_score"": 0.064521}, {""rank"": 9, ""node_id"": 422, ""node_type"": ""ROOM"", ""description"": ""422호 강의실"", ""anchor_room"": null, ""room_range"": null, ""clip_score"": -0.001099, ""ocr_score"": 0.0, ""geo_score"": 0.107143, ""prior_score"": 0.0, ""combined_score"": 0.041758}, {""rank"": 10, ""node_id"": 431, ""node_type"": ""ROOM"", ""description"": ""431호 강의실"", ""anchor_room"": null, ""room_range"": null, ""clip_score"": 0.001939, ""ocr_score"": 0.0, ""geo_score"": 0.081871, ""prior_score"": 0.0, ""combined_score"": 0.034688}]",
benchmarks\room_test_60deg\4140_L.jpg,4140_L.jpg,4140,L,,427,0.26277,0,0,0,,0.0,4,0,0,,[],"[427, 421, 424, 419, 4170]",10,10,"[{""rank"": 1, ""node_id"": 427, ""node_type"": ""ROOM"", ""description"": ""427호 강의실"", ""anchor_room"": null, ""room_range"": null, ""clip_score"": 0.090594, ""ocr_score"": 0.0, ""geo_score"": 0.149826, ""prior_score"": 0.0, ""combined_score"": 0.150524}, {""rank"": 2, ""node_id"": 421, ""node_type"": ""ROOM"", ""description"": ""421호 강의실"", ""anchor_room"": null, ""room_range"": null, ""clip_score"": 0.106279, ""ocr_score"": 0.0, ""geo_score"": 0.090361, ""prior_score"": 0.0, ""combined_score"": 0.142424}, {""rank"": 3, ""node_id"": 424, ""node_type"": ""ROOM"", ""description"": ""424호 강의실"", ""anchor_room"": null, ""room_range"": null, ""clip_score"": 0.093637, ""ocr_score"": 0.0, ""geo_score"": 0.100877, ""prior_score"": 0.0, ""combined_score"": 0.133987}, {""rank"": 4, ""node_id"": 419, ""node_type"": ""ROOM"", ""description"": ""419호 강의실"", ""anchor_room"": null, ""room_range"": null, ""clip_score"": 0.099452, ""ocr_score"": 0.0, ""geo_score"": 0.068376, ""prior_score"": 0.0, ""combined_score"": 0.126802}, {""rank"": 5, ""node_id"": 4170, ""node_type"": ""STUDY"", ""description"": ""아라테크네 학습공간 입구"", ""anchor_room"": null, ""room_range"": null, ""clip_score"": 0.103539, ""ocr_score"": 0.0, ""geo_score"": 0.056604, ""prior_score"": 0.0, ""combined_score"": 0.12618}, {""rank"": 6, ""node_id"": 422, ""node_type"": ""ROOM"", ""description"": ""422호 강의실"", ""anchor_room"": null, ""room_range"": null, ""clip_score"": 0.096296, ""ocr_score"": 0.0, ""geo_score"": 0.073892, ""prior_score"": 0.0, ""combined_score"": 0.125853}, {""rank"": 7, ""node_id"": 420, ""node_type"": ""ROOM"", ""description"": ""420호 강의실"", ""anchor_room"": null, ""room_range"": null, ""clip_score"": 0.092626, ""ocr_score"": 0.0, ""geo_score"": 0.07971, ""prior_score"": 0.0, ""combined_score"": 0.12451}, {""rank"": 8, ""node_id"": 423, ""node_type"": ""ROOM"", ""description"": ""423호 강의실"", ""anchor_room"": null, ""room_range"": null, ""clip_score"": 0.090943, ""ocr_score"": 0.0, ""geo_score"": 0.083333, ""prior_score"": 0.0, ""combined_score"": 0.124277}, {""rank"": 9, ""node_id"": 428, ""node_type"": ""ROOM"", ""description"": ""428호 강의실"", ""anchor_room"": null, ""room_range"": null, ""clip_score"": 0.091332, ""ocr_score"": 0.0, ""geo_score"": 0.070423, ""prior_score"": 0.0, ""combined_score"": 0.119501}, {""rank"": 10, ""node_id"": 430, ""node_type"": ""ROOM"", ""description"": ""430호 강의실"", ""anchor_room"": null, ""room_range"": null, ""clip_score"": 0.090758, ""ocr_score"": 0.0, ""geo_score"": 0.046053, ""prior_score"": 0.0, ""combined_score"": 0.109179}]",
benchmarks\room_test_60deg\4140_R.jpg,4140_R.jpg,4140,R,,424,0.275753,0,0,0,,0.0,4,0,0,,[],"[424, 416, 4103, 429, 421]",10,10,"[{""rank"": 1, ""node_id"": 424, ""node_type"": ""ROOM"", ""description"": ""424호 강의실"", ""anchor_room"": null, ""room_range"": null, ""clip_score"": 0.072209, ""ocr_score"": 0.0, ""geo_score"": 0.183333, ""prior_score"": 0.0, ""combined_score"": 0.145543}, {""rank"": 2, ""node_id"": 416, ""node_type"": ""ROOM"", ""description"": ""416호 강의실"", ""anchor_room"": null, ""room_range"": null, ""clip_score"": 0.072311, ""ocr_score"": 0.0, ""geo_score"": 0.142045, ""prior_score"": 0.0, ""combined_score"": 0.129129}, {""rank"": 3, ""node_id"": 4103, ""node_type"": ""CORRIDOR"", ""description"": ""4층 412~425 앞 복도(우측 세로 복도)"", ""anchor_room"": null, ""room_range"": ""412-425"", ""clip_score"": 0.081811, ""ocr_score"": 0.0, ""geo_score"": 0.112821, ""prior_score"": 0.0, ""combined_score"": 0.126939}, {""rank"": 4, ""node_id"": 429, ""node_type"": ""ROOM"", ""description"": ""429호 강의실"", ""anchor_room"": null, ""room_range"": null, ""clip_score"": 0.070448, ""ocr_score"": 0.0, ""geo_score"": 0.140152, ""prior_score"": 0.0, ""combined_score"": 0.126508}, {""rank"": 5, ""node_id"": 421, ""node_type"": ""ROOM"", ""description"": ""421호 강의실"", ""anchor_room"": null, ""room_range"": null, ""clip_score"": 0.085074, ""ocr_score"": 0.0, ""geo_score"": 0.07265, ""prior_score"": 0.0, ""combined_score"": 0.114134}, {""rank"": 6, ""node_id"": 422, ""node_type"": ""ROOM"", ""description"": ""422호 강의실"", ""anchor_room"": null, ""room_range"": null, ""clip_score"": 0.078482, ""ocr_score"": 0.0, ""geo_score"": 0.081197, ""prior_score"": 0.0, ""combined_score"": 0.110961}, {""rank"": 7, ""node_id"": 419, ""node_type"": ""ROOM"", ""description"": ""419호 강의실"", ""anchor_room"": null, ""room_range"": null, ""clip_score"": 0.079924, ""ocr_score"": 0.0, ""geo_score"": 0.075697, ""prior_score"": 0.0, ""combined_score"": 0.110203}, {""rank"": 8, ""node_id"": 4170, ""node_type"": ""STUDY"", ""description"": ""아라테크네 학습공간 입구"", ""anchor_room"": null, ""room_range"": null, ""clip_score"": 0.080424, ""ocr_score"": 0.0, ""geo_score"": 0.054688, ""prior_score"": 0.0, ""combined_score"": 0.102299}, {""rank"": 9, ""node_id"": 423, ""node_type"": ""ROOM"", ""description"": ""423호 강의실"", ""anchor_room"": null, ""room_range"": null, ""clip_score"": 0.071799, ""ocr_score"": 0.0, ""geo_score"": 0.073469, ""prior_score"": 0.0, ""combined_score"": 0.101187}, {""rank"": 10, ""node_id"": 420, ""node_type"": ""ROOM"", ""description"": ""420호 강의실"", ""anchor_room"": null, ""room_range"": null, ""clip_score"": 0.072801, ""ocr_score"": 0.0, ""geo_score"": 0.066667, ""prior_score"": 0.0, ""combined_score"": 0.099467}]",
benchmarks\room_test_60deg\414_L.jpg,414_L.jpg,414,L,,427,0.252127,0,0,0,,0.0,4,0,0,414,[],"[427, 419, 429, 4170, 431]",10,10,"[{""rank"": 1, ""node_id"": 427, ""node_type"": ""ROOM"", ""description"": ""427호 강의실"", ""anchor_room"": null, ""room_range"": null, ""clip_score"": 0.035207, ""ocr_score"": 0.0, ""geo_score"": 0.223529, ""prior_score"": 0.0, ""combined_score"": 0.124619}, {""rank"": 2, ""node_id"": 419, ""node_type"": ""ROOM"", ""description"": ""419호 강의실"", ""anchor_room"": null, ""room_range"": null, ""clip_score"": 0.026362, ""ocr_score"": 0.0, ""geo_score"": 0.245098, ""prior_score"": 0.0, ""combined_score"": 0.124401}, {""rank"": 3, ""node_id"": 429, ""node_type"": ""ROOM"", ""description"": ""429호 강의실"", ""anchor_room"": null, ""room_range"": null, ""clip_score"": 0.027428, ""ocr_score"": 0.0, ""geo_score"": 0.205357, ""prior_score"": 0.0, ""combined_score"": 0.109571}, {""rank"": 4, ""node_id"": 4170, ""node_type"": ""STUDY"", ""description"": ""아라테크네 학습공간 입구"", ""anchor_room"": null, ""room_range"": null, ""clip_score"": 0.042301, ""ocr_score"": 0.0, ""geo_score"": 0.155556, ""prior_score"": 0.0, ""combined_score"": 0.104524}, {""rank"": 5, ""node_id"": 431, ""node_type"": ""ROOM"", ""description"": ""431호 강의실"", ""anchor_room"": null, ""room_range"": null, ""clip_score"": 0.031756, ""ocr_score"": 0.0, ""geo_score"": 0.16, ""prior_score"": 0.0, ""combined_score"": 0.095756}, {""rank"": 6, ""node_id"": 416, ""node_type"": ""ROOM"", ""description"": ""416호 강의실"", ""anchor_room"": null, ""room_range"": null, ""clip_score"": 0.025684, ""ocr_score"": 0.0, ""geo_score"": 0.155963, ""prior_score"": 0.0, ""combined_score"": 0.088069}, {""rank"": 7, ""node_id"": 421, ""node_type"": ""ROOM"", ""description"": ""421호 강의실"", ""anchor_room"": null, ""room_range"": null, ""clip_score"": 0.029192, ""ocr_score"": 0.0, ""geo_score"": 0.142857, ""prior_score"": 0.0, ""combined_score"": 0.086335}, {""rank"": 8, ""node_id"": 430, ""node_type"": ""ROOM"", ""description"": ""430호 강의실"", ""anchor_room"": null, ""room_range"": null, ""clip_score"": 0.025187, ""ocr_score"": 0.0, ""geo_score"": 0.138614, ""prior_score"": 0.0, ""combined_score"": 0.080633}, {""rank"": 9, ""node_id"": 420, ""node_type"": ""ROOM"", ""description"": ""420호 강의실"", ""anchor_room"": null, ""room_range"": null, ""clip_score"": 0.02414, ""ocr_score"": 0.0, ""geo_score"": 0.101266, ""prior_score"": 0.0, ""combined_score"": 0.064647}, {""rank"": 10, ""node_id"": 422, ""node_type"": ""ROOM"", ""description"": ""422호 강의실"", ""anchor_room"": null, ""room_range"": null, ""clip_score"": 0.029364, ""ocr_score"": 0.0, ""geo_score"": 0.079545, ""prior_score"": 0.0, ""combined_score"": 0.061182}]",
benchmarks\room_test_60deg\414_R.jpg,414_R.jpg,414,R,,429,0.346973,0,0,0,,0.0,4,0,0,414,[],"[429, 419, 421, 430, 431]",10,10,"[{""rank"": 1, ""node_id"": 429, ""node_type"": ""ROOM"", ""description"": ""429호 강의실"", ""anchor_room"": null, ""room_range"": null, ""clip_score"": 0.014318, ""ocr_score"": 0.0, ""geo_score"": 0.248408, ""prior_score"": 0.0, ""combined_score"": 0.113681}, {""rank"": 2, ""node_id"": 419, ""node_type"": ""ROOM"", ""description"": ""419호 강의실"", ""anchor_room"": null, ""room_range"": null, ""clip_score"": 0.01507, ""ocr_score"": 0.0, ""geo_score"": 0.192308, ""prior_score"": 0.0, ""combined_score"": 0.091993}, {""rank"": 3, ""node_id"": 421, ""node_type"": ""ROOM"", ""description"": ""421호 강의실"", ""anchor_room"": null, ""room_range"": null, ""clip_score"": 0.021883, ""ocr_score"": 0.0, ""geo_score"": 0.12931, ""prior_score"": 0.0, ""combined_score"": 0.073607}, {""rank"": 4, ""node_id"": 430, ""node_type"": ""ROOM"", ""description"": ""430호 강의실"", ""anchor_room"": null, ""room_range"": null, ""clip_score"": 0.014047, ""ocr_score"": 0.0, ""geo_score"": 0.134831, ""prior_score"": 0.0, ""combined_score"": 0.06798}, {""rank"": 5, ""node_id"": 431, ""node_type"": ""ROOM"", ""description"": ""431호 강의실"", ""anchor_room"": null, ""room_range"": null, ""clip_score"": 0.020166, ""ocr_score"": 0.0, ""geo_score"": 0.114286, ""prior_score"": 0.0, ""combined_score"": 0.06588}, {""rank"": 6, ""node_id"": 422, ""node_type"": ""ROOM"", ""description"": ""422호 강의실"", ""anchor_room"": null, ""room_range"": null, ""clip_score"": 0.015495, ""ocr_score"": 0.0, ""geo_score"": 0.11828, ""prior_score"": 0.0, ""combined_score"": 0.062806}, {""rank"": 7, ""node_id"": 420, ""node_type"": ""ROOM"", ""description"": ""420호 강의실"", ""anchor_room"": null, ""room_range"": null, ""clip_score"": 0.015139, ""ocr_score"": 0.0, ""geo_score"": 0.119048, ""prior_score"": 0.0, ""combined_score"": 0.062758}, {""rank"": 8, ""node_id"": 427, ""node_type"": ""ROOM"", ""description"": ""427호 강의실"", ""anchor_room"": null, ""room_range"": null, ""clip_score"": 0.016658, ""ocr_score"": 0.0, ""geo_score"": 0.112069, ""prior_score"": 0.0, ""combined_score"": 0.061486}, {""rank"": 9, ""node_id"": 423, ""node_type"": ""ROOM"", ""description"": ""423호 강의실"", ""anchor_room"": null, ""room_range"": null, ""clip_score"": 0.014907, ""ocr_score"": 0.0, ""geo_score"": 0.116071, ""prior_score"": 0.0, ""combined_score"": 0.061335}, {""rank"": 10, ""node_id"": 4170, ""node_type"": ""STUDY"", ""description"": ""아라테크네 학습공간 입구"", ""anchor_room"": null, ""room_range"": null, ""clip_score"": 0.013681, ""ocr_score"": 0.0, ""geo_score"": 0.113924, ""prior_score"": 0.0, ""combined_score"": 0.059251}]",
benchmarks\room_test_60deg\4150_L_1.jpg,4150_L_1.jpg,4150,L,1,427,0.254837,0,0,0,,0.0,3,0,0,577,[],"[427, 421, 4170, 416, 419]",10,10,"[{""rank"": 1, ""node_id"": 427, ""node_type"": ""ROOM"", ""description"": ""427호 강의실"", ""anchor_room"": null, ""room_range"": null, ""clip_score"": 0.072243, ""ocr_score"": 0.0, ""geo_score"": 0.155844, ""prior_score"": 0.0, ""combined_score"": 0.13458}, {""rank"": 2, ""node_id"": 421, ""node_type"": ""ROOM"", ""description"": ""421호 강의실"", ""anchor_room"": null, ""room_range"": null, ""clip_score"": 0.081248, ""ocr_score"": 0.0, ""geo_score"": 0.115741, ""prior_score"": 0.0, ""combined_score"": 0.127544}, {""rank"": 3, ""node_id"": 4170, ""node_type"": ""STUDY"", ""description"": ""아라테크네 학습공간 입구"", ""anchor_room"": null, ""room_range"": null, ""clip_score"": 0.087736, ""ocr_score"": 0.0, ""geo_score"": 0.078261, ""prior_score"": 0.0, ""combined_score"": 0.11904}, {""rank"": 4, ""node_id"": 416, ""node_type"": ""ROOM"", ""description"": ""416호 강의실"", ""anchor_room"": null, ""room_range"": null, ""clip_score"": 0.073145, ""ocr_score"": 0.0, ""geo_score"": 0.10396, ""prior_score"": 0.0, ""combined_score"": 0.114729}, {""rank"": 5, ""node_id"": 419, ""node_type"": ""ROOM"", ""description"": ""419호 강의실"", ""anchor_room"": null, ""room_range"": null, ""clip_score"": 0.07322, ""ocr_score"": 0.0, ""geo_score"": 0.099585, ""prior_score"": 0.0, ""combined_score"": 0.113054}, {""rank"": 6, ""node_id"": 4180, ""node_type"": ""ROOM"", ""description"": ""KE SW 아카데미 행정실"", ""anchor_room"": null, ""room_range"": null, ""clip_score"": 0.074548, ""ocr_score"": 0.0, ""geo_score"": 0.071429, ""prior_score"": 0.0, ""combined_score"": 0.103119}, {""rank"": 7, ""node_id"": 420, ""node_type"": ""ROOM"", ""description"": ""420호 강의실"", ""anchor_room"": null, ""room_range"": null, ""clip_score"": 0.073749, ""ocr_score"": 0.0, ""geo_score"": 0.063218, ""prior_score"": 0.0, ""combined_score"": 0.099036}, {""rank"": 8, ""node_id"": 4107, ""node_type"": ""PASSAGE"", ""description"": ""4층 하단 엘리베이터 앞 통로(아라테크네 방향)"", ""anchor_room"": null, ""room_range"": null, ""clip_score"": 0.071808, ""ocr_score"": 0.0, ""geo_score"": 0.067797, ""prior_score"": 0.0, ""combined_score"": 0.098927}, {""rank"": 9, ""node_id"": 422, ""node_type"": ""ROOM"", ""description"": ""422호 강의실"", ""anchor_room"": null, ""room_range"": null, ""clip_score"": 0.071898, ""ocr_score"": 0.0, ""geo_score"": 0.061372, ""prior_score"": 0.0, ""combined_score"": 0.096447}, {""rank"": 10, ""node_id"": 429, ""node_type"": ""ROOM"", ""description"": ""429호 강의실"", ""anchor_room"": null, ""room_range"": null, ""clip_score"": 0.072049, ""ocr_score"": 0.0, ""geo_score"": 0.060241, ""prior_score"": 0.0, ""combined_score"": 0.096146}]",
benchmarks\room_test_60deg\4150_L_2.jpg,4150_L_2.jpg,4150,L,2,421,0.498218,0,0,0,,0.0,3,0,0,4331,[],"[421, 416, 422, 428, 419]",10,10,"[{""rank"": 1, ""node_id"": 421, ""node_type"": ""ROOM"", ""description"": ""421호 강의실"", ""anchor_room"": null, ""room_range"": null, ""clip_score"": 0.102321, ""ocr_score"": 0.0, ""geo_score"": 0.309091, ""prior_score"": 0.0, ""combined_score"": 0.225958}, {""rank"": 2, ""node_id"": 416, ""node_type"": ""ROOM"", ""description"": ""416호 강의실"", ""anchor_room"": null, ""room_range"": null, ""clip_score"": 0.089512, ""ocr_score"": 0.0, ""geo_score"": 0.265537, ""prior_score"": 0.0, ""combined_score"": 0.195727}, {""rank"": 3, ""node_id"": 422, ""node_type"": ""ROOM"", ""description"": ""422호 강의실"", ""anchor_room"": null, ""room_range"": null, ""clip_score"": 0.092188, ""ocr_score"": 0.0, ""geo_score"": 0.10303, ""prior_score"": 0.0, ""combined_score"": 0.1334}, {""rank"": 4, ""node_id"": 428, ""node_type"": ""ROOM"", ""description"": ""428호 강의실"", ""anchor_room"": null, ""room_range"": null, ""clip_score"": 0.088871, ""ocr_score"": 0.0, ""geo_score"": 0.111111, ""prior_score"": 0.0, ""combined_score"": 0.133316}, {""rank"": 5, ""node_id"": 419, ""node_type"": ""ROOM"", ""description"": ""419호 강의실"", ""anchor_room"": null, ""room_range"": null, ""clip_score"": 0.096111, ""ocr_score"": 0.0, ""geo_score"": 0.084967, ""prior_score"": 0.0, ""combined_score"": 0.130098}, {""rank"": 6, ""node_id"": 423, ""node_type"": ""ROOM"", ""description"": ""423호 강의실"", ""anchor_room"": null, ""room_range"": null, ""clip_score"": 0.089143, ""ocr_score"": 0.0, ""geo_score"": 0.097046, ""prior_score"": 0.0, ""combined_score"": 0.127961}, {""rank"": 7, ""node_id"": 4170, ""node_type"": ""STUDY"", ""description"": ""아라테크네 학습공간 입구"", ""anchor_room"": null, ""room_range"": null, ""clip_score"": 0.093603, ""ocr_score"": 0.0, ""geo_score"": 0.083871, ""prior_score"": 0.0, ""combined_score"": 0.127151}, {""rank"": 8, ""node_id"": 4103, ""node_type"": ""CORRIDOR"", ""description"": ""4층 412~425 앞 복도(우측 세로 복도)"", ""anchor_room"": null, ""room_range"": ""412-425"", ""clip_score"": 0.087953, ""ocr_score"": 0.0, ""geo_score"": 0.081761, ""prior_score"": 0.0, ""combined_score"": 0.120657}, {""rank"": 9, ""node_id"": 424, ""node_type"": ""ROOM"", ""description"": ""424호 강의실"", ""anchor_room"": null, ""room_range"": null, ""clip_score"": 0.089584, ""ocr_score"": 0.0, ""geo_score"": 0.07767, ""prior_score"": 0.0, ""combined_score"": 0.120652}, {""rank"": 10, ""node_id"": 420, ""node_type"": ""ROOM"", ""description"": ""420호 강의실"", ""anchor_room"": null, ""room_range"": null, ""clip_score"": 0.09227, ""ocr_score"": 0.0, ""geo_score"": 0.053571, ""prior_score"": 0.0, ""combined_score"": 0.113698}]",
benchmarks\room_test_60deg\4150_L_3.jpg,4150_L_3.jpg,4150,L,3,416,0.483448,0,0,0,,0.0,3,0,0,,[],"[416, 427, 420, 422, 4170]",10,10,"[{""rank"": 1, ""node_id"": 416, ""node_type"": ""ROOM"", ""description"": ""416호 강의실"", ""anchor_room"": null, ""room_range"": null, ""clip_score"": 0.089324, ""ocr_score"": 0.0, ""geo_score"": 0.273885, ""prior_score"": 0.0, ""combined_score"": 0.198878}, {""rank"": 2, ""node_id"": 427, ""node_type"": ""ROOM"", ""description"": ""427호 강의실"", ""anchor_room"": null, ""room_range"": null, ""clip_score"": 0.087431, ""ocr_score"": 0.0, ""geo_score"": 0.142857, ""prior_score"": 0.0, ""combined_score"": 0.144574}, {""rank"": 3, ""node_id"": 420, ""node_type"": ""ROOM"", ""description"": ""420호 강의실"", ""anchor_room"": null, ""room_range"": null, ""clip_score"": 0.092262, ""ocr_score"": 0.0, ""geo_score"": 0.101852, ""prior_score"": 0.0, ""combined_score"": 0.133003}, {""rank"": 4, ""node_id"": 422, ""node_type"": ""ROOM"", ""description"": ""422호 강의실"", ""anchor_room"": null, ""room_range"": null, ""clip_score"": 0.091262, ""ocr_score"": 0.0, ""geo_score"": 0.086667, ""prior_score"": 0.0, ""combined_score"": 0.125928}, {""rank"": 5, ""node_id"": 4170, ""node_type"": ""STUDY"", ""description"": ""아라테크네 학습공간 입구"", ""anchor_room"": null, ""room_range"": null, ""clip_score"": 0.092946, ""ocr_score"": 0.0, ""geo_score"": 0.081481, ""prior_score"": 0.0, ""combined_score"": 0.125539}, {""rank"": 6, ""node_id"": 419, ""node_type"": ""ROOM"", ""description"": ""419호 강의실"", ""anchor_room"": null, ""room_range"": null, ""clip_score"": 0.095862, ""ocr_score"": 0.0, ""geo_score"": 0.072115, ""prior_score"": 0.0, ""combined_score"": 0.124708}, {""rank"": 7, ""node_id"": 423, ""node_type"": ""ROOM"", ""description"": ""423호 강의실"", ""anchor_room"": null, ""room_range"": null, ""clip_score"": 0.088197, ""ocr_score"": 0.0, ""geo_score"": 0.08867, ""prior_score"": 0.0, ""combined_score"": 0.123665}, {""rank"": 8, ""node_id"": 421, ""node_type"": ""ROOM"", ""description"": ""421호 강의실"", ""anchor_room"": null, ""room_range"": null, ""clip_score"": 0.102007, ""ocr_score"": 0.0, ""geo_score"": 0.053691, ""prior_score"": 0.0, ""combined_score"": 0.123483}, {""rank"": 9, ""node_id"": 428, ""node_type"": ""ROOM"", ""description"": ""428호 강의실"", ""anchor_room"": null, ""room_range"": null, ""clip_score"": 0.088811, ""ocr_score"": 0.0, ""geo_score"": 0.086207, ""prior_score"": 0.0, ""combined_score"": 0.123294}, {""rank"": 10, ""node_id"": 424, ""node_type"": ""ROOM"", ""description"": ""424호 강의실"", ""anchor_room"": null, ""room_range"": null, ""clip_score"": 0.089657, ""ocr_score"": 0.0, ""geo_score"": 0.069124, ""prior_score"": 0.0, ""combined_score"": 0.117307}]",
benchmarks\room_test_60deg\4150_R_1.jpg,4150_R_1.jpg,4150,R,1,421,0.213566,0,0,0,,0.0,3,0,0,,[],"[421, 419, 4170, 4103, 424]",10,10,"[{""rank"": 1, ""node_id"": 421, ""node_type"": ""ROOM"", ""description"": ""421호 강의실"", ""anchor_room"": null, ""room_range"": null, ""clip_score"": 0.068934, ""ocr_score"": 0.0, ""geo_score"": 0.111801, ""prior_score"": 0.0, ""combined_score"": 0.113655}, {""rank"": 2, ""node_id"": 419, ""node_type"": ""ROOM"", ""description"": ""419호 강의실"", ""anchor_room"": null, ""room_range"": null, ""clip_score"": 0.062928, ""ocr_score"": 0.0, ""geo_score"": 0.121951, ""prior_score"": 0.0, ""combined_score"": 0.111709}, {""rank"": 3, ""node_id"": 4170, ""node_type"": ""STUDY"", ""description"": ""아라테크네 학습공간 입구"", ""anchor_room"": null, ""room_range"": null, ""clip_score"": 0.072643, ""ocr_score"": 0.0, ""geo_score"": 0.092784, ""prior_score"": 0.0, ""combined_score"": 0.109757}, {""rank"": 4, ""node_id"": 4103, ""node_type"": ""CORRIDOR"", ""description"": ""4층 412~425 앞 복도(우측 세로 복도)"", ""anchor_room"": null, ""room_range"": ""412-425"", ""clip_score"": 0.066559, ""ocr_score"": 0.0, ""geo_score"": 0.104478, ""prior_score"": 0.0, ""combined_score"": 0.10835}, {""rank"": 5, ""node_id"": 424, ""node_type"": ""ROOM"", ""description"": ""424호 강의실"", ""anchor_room"": null, ""room_range"": null, ""clip_score"": 0.060985, ""ocr_score"": 0.0, ""geo_score"": 0.117978, ""prior_score"": 0.0, ""combined_score"": 0.108176}, {""rank"": 6, ""node_id"": 416, ""node_type"": ""ROOM"", ""description"": ""416호 강의실"", ""anchor_room"": null, ""room_range"": null, ""clip_score"": 0.060473, ""ocr_score"": 0.0, ""geo_score"": 0.104396, ""prior_score"": 0.0, ""combined_score"": 0.102231}, {""rank"": 7, ""node_id"": 431, ""node_type"": ""ROOM"", ""description"": ""431호 강의실"", ""anchor_room"": null, ""room_range"": null, ""clip_score"": 0.059261, ""ocr_score"": 0.0, ""geo_score"": 0.105263, ""prior_score"": 0.0, ""combined_score"": 0.101366}, {""rank"": 8, ""node_id"": 422, ""node_type"": ""ROOM"", ""description"": ""422호 강의실"", ""anchor_room"": null, ""room_range"": null, ""clip_score"": 0.062859, ""ocr_score"": 0.0, ""geo_score"": 0.090909, ""prior_score"": 0.0, ""combined_score"": 0.099222}, {""rank"": 9, ""node_id"": 427, ""node_type"": ""ROOM"", ""description"": ""427호 강의실"", ""anchor_room"": null, ""room_range"": null, ""clip_score"": 0.062079, ""ocr_score"": 0.0, ""geo_score"": 0.089109, ""prior_score"": 0.0, ""combined_score"": 0.097723}, {""rank"": 10, ""node_id"": 420, ""node_type"": ""ROOM"", ""description"": ""420호 강의실"", ""anchor_room"": null, ""room_range"": null, ""clip_score"": 0.060992, ""ocr_score"": 0.0, ""geo_score"": 0.072072, ""prior_score"": 0.0, ""combined_score"": 0.089821}]",
benchmarks\room_test_60deg\4150_R_2.jpg,4150_R_2.jpg,4150,R,2,416,0.21416,0,0,0,,0.0,3,0,0,,[],"[416, 424, 427, 4170, 4103]",10,10,"[{""rank"": 1, ""node_id"": 416, ""node_type"": ""ROOM"", ""description"": ""416호 강의실"", ""anchor_room"": null, ""room_range"": null, ""clip_score"": 0.068937, ""ocr_score"": 0.0, ""geo_score"": 0.111111, ""prior_score"": 0.0, ""combined_score"": 0.113382}, {""rank"": 2, ""node_id"": 424, ""node_type"": ""ROOM"", ""description"": ""424호 강의실"", ""anchor_room"": null, ""room_range"": null, ""clip_score"": 0.066227, ""ocr_score"": 0.0, ""geo_score"": 0.11465, ""prior_score"": 0.0, ""combined_score"": 0.112087}, {""rank"": 3, ""node_id"": 427, ""node_type"": ""ROOM"", ""description"": ""427호 강의실"", ""anchor_room"": null, ""room_range"": null, ""clip_score"": 0.069199, ""ocr_score"": 0.0, ""geo_score"": 0.1, ""prior_score"": 0.0, ""combined_score"": 0.109199}, {""rank"": 4, ""node_id"": 4170, ""node_type"": ""STUDY"", ""description"": ""아라테크네 학습공간 입구"", ""anchor_room"": null, ""room_range"": null, ""clip_score"": 0.080166, ""ocr_score"": 0.0, ""geo_score"": 0.070588, ""prior_score"": 0.0, ""combined_score"": 0.108401}, {""rank"": 5, ""node_id"": 4103, ""node_type"": ""CORRIDOR"", ""description"": ""4층 412~425 앞 복도(우측 세로 복도)"", ""anchor_room"": null, ""room_range"": ""412-425"", ""clip_score"": 0.075651, ""ocr_score"": 0.0, ""geo_score"": 0.076923, ""prior_score"": 0.0, ""combined_score"": 0.10642}, {""rank"": 6, ""node_id"": 421, ""node_type"": ""ROOM"", ""description"": ""421호 강의실"", ""anchor_room"": null, ""room_range"": null, ""clip_score"": 0.073843, ""ocr_score"": 0.0, ""geo_score"": 0.08, ""prior_score"": 0.0, ""combined_score"": 0.105843}, {""rank"": 7, ""node_id"": 4201, ""node_type"": ""INTERSECTION"", ""description"": ""북서 교차점(401/434 인근, 복도1-복도2 상단 연결)"", ""anchor_room"": null, ""room_range"": null, ""clip_score"": 0.068653, ""ocr_score"": 0.0, ""geo_score"": 0.091743, ""prior_score"": 0.0, ""combined_score"": 0.10535}, {""rank"": 8, ""node_id"": 422, ""node_type"": ""ROOM"", ""description"": ""422호 강의실"", ""anchor_room"": null, ""room_range"": null, ""clip_score"": 0.067498, ""ocr_score"": 0.0, ""geo_score"": 0.081897, ""prior_score"": 0.0, ""combined_score"": 0.100257}, {""rank"": 9, ""node_id"": 429, ""node_type"": ""ROOM"", ""description"": ""429호 강의실"", ""anchor_room"": null, ""room_range"": null, ""clip_score"": 0.066934, ""ocr_score"": 0.0, ""geo_score"": 0.070866, ""prior_score"": 0.0, ""combined_score"": 0.095281}, {""rank"": 10, ""node_id"": 419, ""node_type"": ""ROOM"", ""description"": ""419호 강의실"", ""anchor_room"": null, ""room_range"": null, ""clip_score"": 0.066795, ""ocr_score"": 0.0, ""geo_score"": 0.066986, ""prior_score"": 0.0, ""combined_score"": 0.093589}]",
benchmarks\room_test_60deg\4150_R_3.jpg,4150_R_3.jpg,4150,R,3,416,0.267134,0,0,0,,0.0,3,0,0,519,[],"[416, 4170, 420, 421, 419]",10,10,"[{""rank"": 1, ""node_id"": 416, ""node_type"": ""ROOM"", ""description"": ""416호 강의실"", ""anchor_room"": null, ""room_range"": null, ""clip_score"": 0.066864, ""ocr_score"": 0.0, ""geo_score"": 0.204225, ""prior_score"": 0.0, ""combined_score"": 0.148554}, {""rank"": 2, ""node_id"": 4170, ""node_type"": ""STUDY"", ""description"": ""아라테크네 학습공간 입구"", ""anchor_room"": null, ""room_range"": null, ""clip_score"": 0.07427, ""ocr_score"": 0.0, ""geo_score"": 0.175824, ""prior_score"": 0.0, ""combined_score"": 0.1446}, {""rank"": 3, ""node_id"": 420, ""node_type"": ""ROOM"", ""description"": ""420호 강의실"", ""anchor_room"": null, ""room_range"": null, ""clip_score"": 0.063526, ""ocr_score"": 0.0, ""geo_score"": 0.163399, ""prior_score"": 0.0, ""combined_score"": 0.128886}, {""rank"": 4, ""node_id"": 421, ""node_type"": ""ROOM"", ""description"": ""421호 강의실"", ""anchor_room"": null, ""room_range"": null, ""clip_score"": 0.072061, ""ocr_score"": 0.0, ""geo_score"": 0.126866, ""prior_score"": 0.0, ""combined_score"": 0.122807}, {""rank"": 5, ""node_id"": 419, ""node_type"": ""ROOM"", ""description"": ""419호 강의실"", ""anchor_room"": null, ""room_range"": null, ""clip_score"": 0.067292, ""ocr_score"": 0.0, ""geo_score"": 0.127778, ""prior_score"": 0.0, ""combined_score"": 0.118403}, {""rank"": 6, ""node_id"": 4103, ""node_type"": ""CORRIDOR"", ""description"": ""4층 412~425 앞 복도(우측 세로 복도)"", ""anchor_room"": null, ""room_range"": ""412-425"", ""clip_score"": 0.072478, ""ocr_score"": 0.0, ""geo_score"": 0.113924, ""prior_score"": 0.0, ""combined_score"": 0.118047}, {""rank"": 7, ""node_id"": 424, ""node_type"": ""ROOM"", ""description"": ""424호 강의실"", ""anchor_room"": null, ""room_range"": null, ""clip_score"": 0.064828, ""ocr_score"": 0.0, ""geo_score"": 0.126437, ""prior_score"": 0.0, ""combined_score"": 0.115403}, {""rank"": 8, ""node_id"": 422, ""node_type"": ""ROOM"", ""description"": ""422호 강의실"", ""anchor_room"": null, ""room_range"": null, ""clip_score"": 0.065821, ""ocr_score"": 0.0, ""geo_score"": 0.122581, ""prior_score"": 0.0, ""combined_score"": 0.114853}, {""rank"": 9, ""node_id"": 429, ""node_type"": ""ROOM"", ""description"": ""429호 강의실"", ""anchor_room"": null, ""room_range"": null, ""clip_score"": 0.065625, ""ocr_score"": 0.0, ""geo_score"": 0.099099, ""prior_score"": 0.0, ""combined_score"": 0.105265}, {""rank"": 10, ""node_id"": 427, ""node_type"": ""ROOM"", ""description"": ""427호 강의실"", ""anchor_room"": null, ""room_range"": null, ""clip_score"": 0.066181, ""ocr_score"": 0.0, ""geo_score"": 0.083969, ""prior_score"": 0.0, ""combined_score"": 0.099769}]",
benchmarks\room_test_60deg\415_L.jpg,415_L.jpg,415,L,,4170,0.370992,0,0,0,,0.0,3,0,0,"415,5833",[],"[4170, 431, 420, 421, 429]",10,10,"[{""rank"": 1, ""node_id"": 4170, ""node_type"": ""STUDY"", ""description"": ""아라테크네 학습공간 입구"", ""anchor_room"": null, ""room_range"": null, ""clip_score"": 0.048001, ""ocr_score"": 0.0, ""geo_score"": 0.245614, ""prior_score"": 0.0, ""combined_score"": 0.146246}, {""rank"": 2, ""node_id"": 431, ""node_type"": ""ROOM"", ""description"": ""431호 강의실"", ""anchor_room"": null, ""room_range"": null, ""clip_score"": 0.042181, ""ocr_score"": 0.0, ""geo_score"": 0.172414, ""prior_score"": 0.0, ""combined_score"": 0.111147}, {""rank"": 3, ""node_id"": 420, ""node_type"": ""ROOM"", ""description"": ""420호 강의실"", ""anchor_room"": null, ""room_range"": null, ""clip_score"": 0.033899, ""ocr_score"": 0.0, ""geo_score"": 0.172414, ""prior_score"": 0.0, ""combined_score"": 0.102864}, {""rank"": 4, ""node_id"": 421, ""node_type"": ""ROOM"", ""description"": ""421호 강의실"", ""anchor_room"": null, ""room_range"": null, ""clip_score"": 0.042552, ""ocr_score"": 0.0, ""geo_score"": 0.142857, ""prior_score"": 0.0, ""combined_score"": 0.099695}, {""rank"": 5, ""node_id"": 429, ""node_type"": ""ROOM"", ""description"": ""429호 강의실"", ""anchor_room"": null, ""room_range"": null, ""clip_score"": 0.037607, ""ocr_score"": 0.0, ""geo_score"": 0.152542, ""prior_score"": 0.0, ""combined_score"": 0.098624}, {""rank"": 6, ""node_id"": 427, ""node_type"": ""ROOM"", ""description"": ""427호 강의실"", ""anchor_room"": null, ""room_range"": null, ""clip_score"": 0.043912, ""ocr_score"": 0.0, ""geo_score"": 0.133929, ""prior_score"": 0.0, ""combined_score"": 0.097484}, {""rank"": 7, ""node_id"": 422, ""node_type"": ""ROOM"", ""description"": ""422호 강의실"", ""anchor_room"": null, ""room_range"": null, ""clip_score"": 0.039761, ""ocr_score"": 0.0, ""geo_score"": 0.140625, ""prior_score"": 0.0, ""combined_score"": 0.096011}, {""rank"": 8, ""node_id"": 419, ""node_type"": ""ROOM"", ""description"": ""419호 강의실"", ""anchor_room"": null, ""room_range"": null, ""clip_score"": 0.037918, ""ocr_score"": 0.0, ""geo_score"": 0.133333, ""prior_score"": 0.0, ""combined_score"": 0.091251}, {""rank"": 9, ""node_id"": 424, ""node_type"": ""ROOM"", ""description"": ""424호 강의실"", ""anchor_room"": null, ""room_range"": null, ""clip_score"": 0.034081, ""ocr_score"": 0.0, ""geo_score"": 0.127907, ""prior_score"": 0.0, ""combined_score"": 0.085244}, {""rank"": 10, ""node_id"": 428, ""node_type"": ""ROOM"", ""description"": ""428호 강의실"", ""anchor_room"": null, ""room_range"": null, ""clip_score"": 0.034519, ""ocr_score"": 0.0, ""geo_score"": 0.107143, ""prior_score"": 0.0, ""combined_score"": 0.077376}]",
benchmarks\room_test_60deg\415_R.jpg,415_R.jpg,415,R,,429,0.331512,0,0,0,,0.0,4,0,0,415,[],"[429, 430, 4170, 428, 422]",10,10,"[{""rank"": 1, ""node_id"": 429, ""node_type"": ""ROOM"", ""description"": ""429호 강의실"", ""anchor_room"": null, ""room_range"": null, ""clip_score"": -0.003217, ""ocr_score"": 0.0, ""geo_score"": 0.25, ""prior_score"": 0.0, ""combined_score"": 0.096783}, {""rank"": 2, ""node_id"": 430, ""node_type"": ""ROOM"", ""description"": ""430호 강의실"", ""anchor_room"": null, ""room_range"": null, ""clip_score"": -0.000992, ""ocr_score"": 0.0, ""geo_score"": 0.19697, ""prior_score"": 0.0, ""combined_score"": 0.077796}, {""rank"": 3, ""node_id"": 4170, ""node_type"": ""STUDY"", ""description"": ""아라테크네 학습공간 입구"", ""anchor_room"": null, ""room_range"": null, ""clip_score"": 0.017059, ""ocr_score"": 0.0, ""geo_score"": 0.109091, ""prior_score"": 0.0, ""combined_score"": 0.060695}, {""rank"": 4, ""node_id"": 428, ""node_type"": ""ROOM"", ""description"": ""428호 강의실"", ""anchor_room"": null, ""room_range"": null, ""clip_score"": -0.004363, ""ocr_score"": 0.0, ""geo_score"": 0.146067, ""prior_score"": 0.0, ""combined_score"": 0.054064}, {""rank"": 5, ""node_id"": 422, ""node_type"": ""ROOM"", ""description"": ""422호 강의실"", ""anchor_room"": null, ""room_range"": null, ""clip_score"": -0.002287, ""ocr_score"": 0.0, ""geo_score"": 0.139535, ""prior_score"": 0.0, ""combined_score"": 0.053527}, {""rank"": 6, ""node_id"": 421, ""node_type"": ""ROOM"", ""description"": ""421호 강의실"", ""anchor_room"": null, ""room_range"": null, ""clip_score"": 0.006189, ""ocr_score"": 0.0, ""geo_score"": 0.11828, ""prior_score"": 0.0, ""combined_score"": 0.053501}, {""rank"": 7, ""node_id"": 427, ""node_type"": ""ROOM"", ""description"": ""427호 강의실"", ""anchor_room"": null, ""room_range"": null, ""clip_score"": -0.000641, ""ocr_score"": 0.0, ""geo_score"": 0.130435, ""prior_score"": 0.0, ""combined_score"": 0.051533}, {""rank"": 8, ""node_id"": 420, ""node_type"": ""ROOM"", ""description"": ""420호 강의실"", ""anchor_room"": null, ""room_range"": null, ""clip_score"": -0.00589, ""ocr_score"": 0.0, ""geo_score"": 0.139785, ""prior_score"": 0.0, ""combined_score"": 0.050024}, {""rank"": 9, ""node_id"": 431, ""node_type"": ""ROOM"", ""description"": ""431호 강의실"", ""anchor_room"": null, ""room_range"": null, ""clip_score"": 0.000802, ""ocr_score"": 0.0, ""geo_score"": 0.1, ""prior_score"": 0.0, ""combined_score"": 0.040802}, {""rank"": 10, ""node_id"": 423, ""node_type"": ""ROOM"", ""description"": ""423호 강의실"", ""anchor_room"": null, ""room_range"": null, ""clip_score"": -0.005644, ""ocr_score"": 0.0, ""geo_score"": 0.098901, ""prior_score"": 0.0, ""combined_score"": 0.033916}]",
benchmarks\room_test_60deg\4160_L_1.jpg,4160_L_1.jpg,4160,L,1,422,0.27685,0,0,0,,0.0,3,0,0,"5419,555,541,553,5555,563,556,5418,5537",[],"[422, 424, 4170, 421, 428]",10,10,"[{""rank"": 1, ""node_id"": 422, ""node_type"": ""ROOM"", ""description"": ""422호 강의실"", ""anchor_room"": null, ""room_range"": null, ""clip_score"": 0.063698, ""ocr_score"": 0.0, ""geo_score"": 0.168449, ""prior_score"": 0.0, ""combined_score"": 0.131078}, {""rank"": 2, ""node_id"": 424, ""node_type"": ""ROOM"", ""description"": ""424호 강의실"", ""anchor_room"": null, ""room_range"": null, ""clip_score"": 0.059811, ""ocr_score"": 0.0, ""geo_score"": 0.161954, ""prior_score"": 0.0, ""combined_score"": 0.124592}, {""rank"": 3, ""node_id"": 4170, ""node_type"": ""STUDY"", ""description"": ""아라테크네 학습공간 입구"", ""anchor_room"": null, ""room_range"": null, ""clip_score"": 0.075367, ""ocr_score"": 0.0, ""geo_score"": 0.08547, ""prior_score"": 0.0, ""combined_score"": 0.109555}, {""rank"": 4, ""node_id"": 421, ""node_type"": ""ROOM"", ""description"": ""421호 강의실"", ""anchor_room"": null, ""room_range"": null, ""clip_score"": 0.066667, ""ocr_score"": 0.0, ""geo_score"": 0.095618, ""prior_score"": 0.0, ""combined_score"": 0.104914}, {""rank"": 5, ""node_id"": 428, ""node_type"": ""ROOM"", ""description"": ""428호 강의실"", ""anchor_room"": null, ""room_range"": null, ""clip_score"": 0.060044, ""ocr_score"": 0.0, ""geo_score"": 0.088652, ""prior_score"": 0.0, ""combined_score"": 0.095505}, {""rank"": 6, ""node_id"": 427, ""node_type"": ""ROOM"", ""description"": ""427호 강의실"", ""anchor_room"": null, ""room_range"": null, ""clip_score"": 0.06622, ""ocr_score"": 0.0, ""geo_score"": 0.072893, ""prior_score"": 0.0, ""combined_score"": 0.095378}, {""rank"": 7, ""node_id"": 423, ""node_type"": ""ROOM"", ""description"": ""423호 강의실"", ""anchor_room"": null, ""room_range"": null, ""clip_score"": 0.057669, ""ocr_score"": 0.0, ""geo_score"": 0.091633, ""prior_score"": 0.0, ""combined_score"": 0.094323}, {""rank"": 8, ""node_id"": 419, ""node_type"": ""ROOM"", ""description"": ""419호 강의실"", ""anchor_room"": null, ""room_range"": null, ""clip_score"": 0.066423, ""ocr_score"": 0.0, ""geo_score"": 0.062762, ""prior_score"": 0.0, ""combined_score"": 0.091528}, {""rank"": 9, ""node_id"": 431, ""node_type"": ""ROOM"", ""description"": ""431호 강의실"", ""anchor_room"": null, ""room_range"": null, ""clip_score"": 0.058008, ""ocr_score"": 0.0, ""geo_score"": 0.067568, ""prior_score"": 0.0, ""combined_score"": 0.085035}, {""rank"": 10, ""node_id"": 420, ""node_type"": ""ROOM"", ""description"": ""420호 강의실"", ""anchor_room"": null, ""room_range"": null, ""clip_score"": 0.057772, ""ocr_score"": 0.0, ""geo_score"": 0.049618, ""prior_score"": 0.0, ""combined_score"": 0.07762}]",
benchmarks\room_test_60deg\4160_L_2.jpg,4160_L_2.jpg,4160,L,2,4170,0.545651,0,0,0,,0.0,3,0,0,"411,4132,488,510,5111,501,5020,4565",[],"[4170, 419, 429, 427, 408]",10,10,"[{""rank"": 1, ""node_id"": 4170, ""node_type"": ""STUDY"", ""description"": ""아라테크네 학습공간 입구"", ""anchor_room"": null, ""room_range"": null, ""clip_score"": 0.105177, ""ocr_score"": 0.0, ""geo_score"": 0.337838, ""prior_score"": 0.0, ""combined_score"": 0.240312}, {""rank"": 2, ""node_id"": 419, ""node_type"": ""ROOM"", ""description"": ""419호 강의실"", ""anchor_room"": null, ""room_range"": null, ""clip_score"": 0.088989, ""ocr_score"": 0.0, ""geo_score"": 0.251346, ""prior_score"": 0.0, ""combined_score"": 0.189527}, {""rank"": 3, ""node_id"": 429, ""node_type"": ""ROOM"", ""description"": ""429호 강의실"", ""anchor_room"": null, ""room_range"": null, ""clip_score"": 0.085148, ""ocr_score"": 0.0, ""geo_score"": 0.2125, ""prior_score"": 0.0, ""combined_score"": 0.170148}, {""rank"": 4, ""node_id"": 427, ""node_type"": ""ROOM"", ""description"": ""427호 강의실"", ""anchor_room"": null, ""room_range"": null, ""clip_score"": 0.084673, ""ocr_score"": 0.0, ""geo_score"": 0.139415, ""prior_score"": 0.0, ""combined_score"": 0.140438}, {""rank"": 5, ""node_id"": 408, ""node_type"": ""ROOM"", ""description"": ""408호 강의실"", ""anchor_room"": null, ""room_range"": null, ""clip_score"": 0.087162, ""ocr_score"": 0.0, ""geo_score"": 0.080556, ""prior_score"": 0.0, ""combined_score"": 0.119385}, {""rank"": 6, ""node_id"": 4103, ""node_type"": ""CORRIDOR"", ""description"": ""4층 412~425 앞 복도(우측 세로 복도)"", ""anchor_room"": null, ""room_range"": ""412-425"", ""clip_score"": 0.091073, ""ocr_score"": 0.0, ""geo_score"": 0.066148, ""prior_score"": 0.0, ""combined_score"": 0.117532}, {""rank"": 7, ""node_id"": 431, ""node_type"": ""ROOM"", ""description"": ""431호 강의실"", ""anchor_room"": null, ""room_range"": null, ""clip_score"": 0.087924, ""ocr_score"": 0.0, ""geo_score"": 0.060201, ""prior_score"": 0.0, ""combined_score"": 0.112004}, {""rank"": 8, ""node_id"": 4201, ""node_type"": ""INTERSECTION"", ""description"": ""북서 교차점(401/434 인근, 복도1-복도2 상단 연결)"", ""anchor_room"": null, ""room_range"": null, ""clip_score"": 0.086197, ""ocr_score"": 0.0, ""geo_score"": 0.062284, ""prior_score"": 0.0, ""combined_score"": 0.11111}, {""rank"": 9, ""node_id"": 4114, ""node_type"": ""STAIRS"", ""description"": ""4층 상단 중앙 계단"", ""anchor_room"": null, ""room_range"": null, ""clip_score"": 0.085992, ""ocr_score"": 0.0, ""geo_score"": 0.04119, ""prior_score"": 0.0, ""combined_score"": 0.102468}, {""rank"": 10, ""node_id"": 4128, ""node_type"": ""RESTROOM_HUB"", ""description"": ""4층 중단 서쪽 화장실 허브"", ""anchor_room"": ""429;430"", ""room_range"": null, ""clip_score"": 0.085531, ""ocr_score"": 0.0, ""geo_score"": 0.030303, ""prior_score"": 0.0, ""combined_score"": 0.097652}]",
benchmarks\room_test_60deg\4160_R_1.jpg,4160_R_1.jpg,4160,R,1,4170,0.704963,0,0,0,,0.0,3,0,0,"505,5000,555,532,5153,455,551,5010",[],"[4170, 416, 419, 429, 427]",10,10,"[{""rank"": 1, ""node_id"": 4170, ""node_type"": ""STUDY"", ""description"": ""아라테크네 학습공간 입구"", ""anchor_room"": null, ""room_range"": null, ""clip_score"": 0.096338, ""ocr_score"": 0.0, ""geo_score"": 0.428354, ""prior_score"": 0.0, ""combined_score"": 0.26768}, {""rank"": 2, ""node_id"": 416, ""node_type"": ""ROOM"", ""description"": ""416호 강의실"", ""anchor_room"": null, ""room_range"": null, ""clip_score"": 0.069644, ""ocr_score"": 0.0, ""geo_score"": 0.288783, ""prior_score"": 0.0, ""combined_score"": 0.185157}, {""rank"": 3, ""node_id"": 419, ""node_type"": ""ROOM"", ""description"": ""419호 강의실"", ""anchor_room"": null, ""room_range"": null, ""clip_score"": 0.072919, ""ocr_score"": 0.0, ""geo_score"": 0.233588, ""prior_score"": 0.0, ""combined_score"": 0.166354}, {""rank"": 4, ""node_id"": 429, ""node_type"": ""ROOM"", ""description"": ""429호 강의실"", ""anchor_room"": null, ""room_range"": null, ""clip_score"": 0.068869, ""ocr_score"": 0.0, ""geo_score"": 0.116788, ""prior_score"": 0.0, ""combined_score"": 0.115584}, {""rank"": 5, ""node_id"": 427, ""node_type"": ""ROOM"", ""description"": ""427호 강의실"", ""anchor_room"": null, ""room_range"": null, ""clip_score"": 0.07468, ""ocr_score"": 0.0, ""geo_score"": 0.10034, ""prior_score"": 0.0, ""combined_score"": 0.114816}, {""rank"": 6, ""node_id"": 421, ""node_type"": ""ROOM"", ""description"": ""421호 강의실"", ""anchor_room"": null, ""room_range"": null, ""clip_score"": 0.073915, ""ocr_score"": 0.0, ""geo_score"": 0.096939, ""prior_score"": 0.0, ""combined_score"": 0.112691}, {""rank"": 7, ""node_id"": 430, ""node_type"": ""ROOM"", ""description"": ""430호 강의실"", ""anchor_room"": null, ""room_range"": null, ""clip_score"": 0.067168, ""ocr_score"": 0.0, ""geo_score"": 0.097122, ""prior_score"": 0.0, ""combined_score"": 0.106017}, {""rank"": 8, ""node_id"": 420, ""node_type"": ""ROOM"", ""description"": ""420호 강의실"", ""anchor_room"": null, ""room_range"": null, ""clip_score"": 0.06732, ""ocr_score"": 0.0, ""geo_score"": 0.083333, ""prior_score"": 0.0, ""combined_score"": 0.100653}, {""rank"": 9, ""node_id"": 422, ""node_type"": ""ROOM"", ""description"": ""422호 강의실"", ""anchor_room"": null, ""room_range"": null, ""clip_score"": 0.068113, ""ocr_score"": 0.0, ""geo_score"": 0.073864, ""prior_score"": 0.0, ""combined_score"": 0.097658}, {""rank"": 10, ""node_id"": 431, ""node_type"": ""ROOM"", ""description"": ""431호 강의실"", ""anchor_room"": null, ""room_range"": null, ""clip_score"": 0.072874, ""ocr_score"": 0.0, ""geo_score"": 0.05483, ""prior_score"": 0.0, ""combined_score"": 0.094806}]",
benchmarks\room_test_60deg\4160_R_2.jpg,4160_R_2.jpg,4160,R,2,4170,0.658826,0,0,0,,0.0,3,0,0,"500,5001,5000,5823",[],"[4170, 4107, 416, 419, 429]",10,10,"[{""rank"": 1, ""node_id"": 4170, ""node_type"": ""STUDY"", ""description"": ""아라테크네 학습공간 입구"", ""anchor_room"": null, ""room_range"": null, ""clip_score"": 0.087297, ""ocr_score"": 0.0, ""geo_score"": 0.577778, ""prior_score"": 0.0, ""combined_score"": 0.318409}, {""rank"": 2, ""node_id"": 4107, ""node_type"": ""PASSAGE"", ""description"": ""4층 하단 엘리베이터 앞 통로(아라테크네 방향)"", ""anchor_room"": null, ""room_range"": null, ""clip_score"": 0.049074, ""ocr_score"": 0.0, ""geo_score"": 0.558411, ""prior_score"": 0.0, ""combined_score"": 0.272438}, {""rank"": 3, ""node_id"": 416, ""node_type"": ""ROOM"", ""description"": ""416호 강의실"", ""anchor_room"": null, ""room_range"": null, ""clip_score"": 0.049129, ""ocr_score"": 0.0, ""geo_score"": 0.331797, ""prior_score"": 0.0, ""combined_score"": 0.181848}, {""rank"": 4, ""node_id"": 419, ""node_type"": ""ROOM"", ""description"": ""419호 강의실"", ""anchor_room"": null, ""room_range"": null, ""clip_score"": 0.052808, ""ocr_score"": 0.0, ""geo_score"": 0.24498, ""prior_score"": 0.0, ""combined_score"": 0.1508}, {""rank"": 5, ""node_id"": 429, ""node_type"": ""ROOM"", ""description"": ""429호 강의실"", ""anchor_room"": null, ""room_range"": null, ""clip_score"": 0.048575, ""ocr_score"": 0.0, ""geo_score"": 0.178832, ""prior_score"": 0.0, ""combined_score"": 0.120108}, {""rank"": 6, ""node_id"": 427, ""node_type"": ""ROOM"", ""description"": ""427호 강의실"", ""anchor_room"": null, ""room_range"": null, ""clip_score"": 0.052322, ""ocr_score"": 0.0, ""geo_score"": 0.132701, ""prior_score"": 0.0, ""combined_score"": 0.105403}, {""rank"": 7, ""node_id"": 4103, ""node_type"": ""CORRIDOR"", ""description"": ""4층 412~425 앞 복도(우측 세로 복도)"", ""anchor_room"": null, ""room_range"": ""412-425"", ""clip_score"": 0.060334, ""ocr_score"": 0.0, ""geo_score"": 0.071856, ""prior_score"": 0.0, ""combined_score"": 0.089076}, {""rank"": 8, ""node_id"": 4201, ""node_type"": ""INTERSECTION"", ""description"": ""북서 교차점(401/434 인근, 복도1-복도2 상단 연결)"", ""anchor_room"": null, ""room_range"": null, ""clip_score"": 0.059739, ""ocr_score"": 0.0, ""geo_score"": 0.063492, ""prior_score"": 0.0, ""combined_score"": 0.085136}, {""rank"": 9, ""node_id"": 421, ""node_type"": ""ROOM"", ""description"": ""421호 강의실"", ""anchor_room"": null, ""room_range"": null, ""clip_score"": 0.049086, ""ocr_score"": 0.0, ""geo_score"": 0.079268, ""prior_score"": 0.0, ""combined_score"": 0.080793}, {""rank"": 10, ""node_id"": 4101, ""node_type"": ""CORRIDOR"", ""description"": ""4층 407~411 앞 복도"", ""anchor_room"": null, ""room_range"": ""407-411"", ""clip_score"": 0.05141, ""ocr_score"": 0.0, ""geo_score"": 0.069565, ""prior_score"": 0.0, ""combined_score"": 0.079236}]",
benchmarks\room_test_60deg\4160_R_3.jpg,4160_R_3.jpg,4160,R,3,4103,0.593033,0,0,0,,0.0,2,0,1,"426,4243,4731,437,5050,572,473,526,535,553,5229,4263,5413,550,5153,474,423,5557,424,515,5252,531,478,4742,500,534,454",[],"[4103, 4102, 4170, 429, 419]",10,10,"[{""rank"": 1, ""node_id"": 4103, ""node_type"": ""CORRIDOR"", ""description"": ""4층 412~425 앞 복도(우측 세로 복도)"", ""anchor_room"": null, ""room_range"": ""412-425"", ""clip_score"": 0.043721, ""ocr_score"": 0.8, ""geo_score"": 0.068571, ""prior_score"": 0.0, ""combined_score"": 0.71115}, {""rank"": 2, ""node_id"": 4102, ""node_type"": ""CORRIDOR"", ""description"": ""4층 426~435, 401~406 앞 복도(좌측 세로 복도)"", ""anchor_room"": null, ""room_range"": ""401-406;426-435"", ""clip_score"": 0.029523, ""ocr_score"": 0.8, ""geo_score"": 0.056995, ""prior_score"": 0.0, ""combined_score"": 0.692321}, {""rank"": 3, ""node_id"": 4170, ""node_type"": ""STUDY"", ""description"": ""아라테크네 학습공간 입구"", ""anchor_room"": null, ""room_range"": null, ""clip_score"": 0.055295, ""ocr_score"": 0.0, ""geo_score"": 0.352313, ""prior_score"": 0.0, ""combined_score"": 0.196221}, {""rank"": 4, ""node_id"": 429, ""node_type"": ""ROOM"", ""description"": ""429호 강의실"", ""anchor_room"": null, ""room_range"": null, ""clip_score"": 0.022412, ""ocr_score"": 0.0, ""geo_score"": 0.182336, ""prior_score"": 0.0, ""combined_score"": 0.095347}, {""rank"": 5, ""node_id"": 419, ""node_type"": ""ROOM"", ""description"": ""419호 강의실"", ""anchor_room"": null, ""room_range"": null, ""clip_score"": 0.022668, ""ocr_score"": 0.0, ""geo_score"": 0.172043, ""prior_score"": 0.0, ""combined_score"": 0.091485}, {""rank"": 6, ""node_id"": 4101, ""node_type"": ""CORRIDOR"", ""description"": ""4층 407~411 앞 복도"", ""anchor_room"": null, ""room_range"": ""407-411"", ""clip_score"": 0.038021, ""ocr_score"": 0.0, ""geo_score"": 0.072289, ""prior_score"": 0.0, ""combined_score"": 0.066937}, {""rank"": 7, ""node_id"": 4201, ""node_type"": ""INTERSECTION"", ""description"": ""북서 교차점(401/434 인근, 복도1-복도2 상단 연결)"", ""anchor_room"": null, ""room_range"": null, ""clip_score"": 0.045349, ""ocr_score"": 0.0, ""geo_score"": 0.038835, ""prior_score"": 0.0, ""combined_score"": 0.060883}, {""rank"": 8, ""node_id"": 427, ""node_type"": ""ROOM"", ""description"": ""427호 강의실"", ""anchor_room"": null, ""room_range"": null, ""clip_score"": 0.02464, ""ocr_score"": 0.0, ""geo_score"": 0.089844, ""prior_score"": 0.0, ""combined_score"": 0.060578}, {""rank"": 9, ""node_id"": 431, ""node_type"": ""ROOM"", ""description"": ""431호 강의실"", ""anchor_room"": null, ""room_range"": null, ""clip_score"": 0.025226, ""ocr_score"": 0.0, ""geo_score"": 0.049618, ""prior_score"": 0.0, ""combined_score"": 0.045074}, {""rank"": 10, ""node_id"": 4128, ""node_type"": ""RESTROOM_HUB"", ""description"": ""4층 중단 서쪽 화장실 허브"", ""anchor_room"": ""429;430"", ""room_range"": null, ""clip_score"": 0.023624, ""ocr_score"": 0.0, ""geo_score"": 0.042553, ""prior_score"": 0.0, ""combined_score"": 0.040645}]",
benchmarks\room_test_60deg\4160_R_4.jpg,4160_R_4.jpg,4160,R,4,4170,0.674629,0,0,0,,0.0,3,0,0,5010,[],"[4170, 429, 4101, 427, 4103]",10,10,"[{""rank"": 1, ""node_id"": 4170, ""node_type"": ""STUDY"", ""description"": ""아라테크네 학습공간 입구"", ""anchor_room"": null, ""room_range"": null, ""clip_score"": 0.041827, ""ocr_score"": 0.0, ""geo_score"": 0.372294, ""prior_score"": 0.0, ""combined_score"": 0.190745}, {""rank"": 2, ""node_id"": 429, ""node_type"": ""ROOM"", ""description"": ""429호 강의실"", ""anchor_room"": null, ""room_range"": null, ""clip_score"": 0.004623, ""ocr_score"": 0.0, ""geo_score"": 0.306785, ""prior_score"": 0.0, ""combined_score"": 0.127337}, {""rank"": 3, ""node_id"": 4101, ""node_type"": ""CORRIDOR"", ""description"": ""4층 407~411 앞 복도"", ""anchor_room"": null, ""room_range"": ""407-411"", ""clip_score"": 0.022055, ""ocr_score"": 0.0, ""geo_score"": 0.085714, ""prior_score"": 0.0, ""combined_score"": 0.05634}, {""rank"": 4, ""node_id"": 427, ""node_type"": ""ROOM"", ""description"": ""427호 강의실"", ""anchor_room"": null, ""room_range"": null, ""clip_score"": 0.004101, ""ocr_score"": 0.0, ""geo_score"": 0.127962, ""prior_score"": 0.0, ""combined_score"": 0.055286}, {""rank"": 5, ""node_id"": 4103, ""node_type"": ""CORRIDOR"", ""description"": ""4층 412~425 앞 복도(우측 세로 복도)"", ""anchor_room"": null, ""room_range"": ""412-425"", ""clip_score"": 0.025591, ""ocr_score"": 0.0, ""geo_score"": 0.07377, ""prior_score"": 0.0, ""combined_score"": 0.055099}, {""rank"": 6, ""node_id"": 4201, ""node_type"": ""INTERSECTION"", ""description"": ""북서 교차점(401/434 인근, 복도1-복도2 상단 연결)"", ""anchor_room"": null, ""room_range"": null, ""clip_score"": 0.025154, ""ocr_score"": 0.0, ""geo_score"": 0.068702, ""prior_score"": 0.0, ""combined_score"": 0.052635}, {""rank"": 7, ""node_id"": 431, ""node_type"": ""ROOM"", ""description"": ""431호 강의실"", ""anchor_room"": null, ""room_range"": null, ""clip_score"": 0.005658, ""ocr_score"": 0.0, ""geo_score"": 0.10625, ""prior_score"": 0.0, ""combined_score"": 0.048158}, {""rank"": 8, ""node_id"": 4111, ""node_type"": ""STAIRS"", ""description"": ""4층 우측 중단 계단(415와 416 사이)"", ""anchor_room"": null, ""room_range"": null, ""clip_score"": 0.004018, ""ocr_score"": 0.0, ""geo_score"": 0.097744, ""prior_score"": 0.0, ""combined_score"": 0.043116}, {""rank"": 9, ""node_id"": 4102, ""node_type"": ""CORRIDOR"", ""description"": ""4층 426~435, 401~406 앞 복도(좌측 세로 복도)"", ""anchor_room"": null, ""room_range"": ""401-406;426-435"", ""clip_score"": 0.008785, ""ocr_score"": 0.0, ""geo_score"": 0.077465, ""prior_score"": 0.0, ""combined_score"": 0.039771}, {""rank"": 10, ""node_id"": 4128, ""node_type"": ""RESTROOM_HUB"", ""description"": ""4층 중단 서쪽 화장실 허브"", ""anchor_room"": ""429;430"", ""room_range"": null, ""clip_score"": 0.009163, ""ocr_score"": 0.0, ""geo_score"": 0.052239, ""prior_score"": 0.0, ""combined_score"": 0.030058}]",
benchmarks\room_test_60deg\416_L.jpg,416_L.jpg,416,L,,419,0.237778,0,0,0,,0.0,2,0,1,416,[],"[419, 430, 428, 421, 427]",10,10,"[{""rank"": 1, ""node_id"": 419, ""node_type"": ""ROOM"", ""description"": ""419호 강의실"", ""anchor_room"": null, ""room_range"": null, ""clip_score"": 0.027283, ""ocr_score"": 0.0, ""geo_score"": 0.172185, ""prior_score"": 0.0, ""combined_score"": 0.096157}, {""rank"": 2, ""node_id"": 430, ""node_type"": ""ROOM"", ""description"": ""430호 강의실"", ""anchor_room"": null, ""room_range"": null, ""clip_score"": 0.027591, ""ocr_score"": 0.0, ""geo_score"": 0.159624, ""prior_score"": 0.0, ""combined_score"": 0.09144}, {""rank"": 3, ""node_id"": 428, ""node_type"": ""ROOM"", ""description"": ""428호 강의실"", ""anchor_room"": null, ""room_range"": null, ""clip_score"": 0.028246, ""ocr_score"": 0.0, ""geo_score"": 0.154412, ""prior_score"": 0.0, ""combined_score"": 0.090011}, {""rank"": 4, ""node_id"": 421, ""node_type"": ""ROOM"", ""description"": ""421호 강의실"", ""anchor_room"": null, ""room_range"": null, ""clip_score"": 0.02927, ""ocr_score"": 0.0, ""geo_score"": 0.13242, ""prior_score"": 0.0, ""combined_score"": 0.082238}, {""rank"": 5, ""node_id"": 427, ""node_type"": ""ROOM"", ""description"": ""427호 강의실"", ""anchor_room"": null, ""room_range"": null, ""clip_score"": 0.035342, ""ocr_score"": 0.0, ""geo_score"": 0.09901, ""prior_score"": 0.0, ""combined_score"": 0.074945}, {""rank"": 6, ""node_id"": 4170, ""node_type"": ""STUDY"", ""description"": ""아라테크네 학습공간 입구"", ""anchor_room"": null, ""room_range"": null, ""clip_score"": 0.034159, ""ocr_score"": 0.0, ""geo_score"": 0.093023, ""prior_score"": 0.0, ""combined_score"": 0.071369}, {""rank"": 7, ""node_id"": 431, ""node_type"": ""ROOM"", ""description"": ""431호 강의실"", ""anchor_room"": null, ""room_range"": null, ""clip_score"": 0.035437, ""ocr_score"": 0.0, ""geo_score"": 0.077869, ""prior_score"": 0.0, ""combined_score"": 0.066585}, {""rank"": 8, ""node_id"": 420, ""node_type"": ""ROOM"", ""description"": ""420호 강의실"", ""anchor_room"": null, ""room_range"": null, ""clip_score"": 0.027173, ""ocr_score"": 0.0, ""geo_score"": 0.083333, ""prior_score"": 0.0, ""combined_score"": 0.060506}, {""rank"": 9, ""node_id"": 422, ""node_type"": ""ROOM"", ""description"": ""422호 강의실"", ""anchor_room"": null, ""room_range"": null, ""clip_score"": 0.030009, ""ocr_score"": 0.0, ""geo_score"": 0.073469, ""prior_score"": 0.0, ""combined_score"": 0.059397}, {""rank"": 10, ""node_id"": 408, ""node_type"": ""ROOM"", ""description"": ""408호 강의실"", ""anchor_room"": null, ""room_range"": null, ""clip_score"": 0.027399, ""ocr_score"": 0.0, ""geo_score"": 0.078534, ""prior_score"": 0.0, ""combined_score"": 0.058812}]",
benchmarks\room_test_60deg\416_R.jpg,416_R.jpg,416,R,,4103,0.412996,0,0,0,,0.0,1,1,1,,[],"[4103, 421, 4170, 427, 430]",10,10,"[{""rank"": 1, ""node_id"": 4103, ""node_type"": ""CORRIDOR"", ""description"": ""4층 412~425 앞 복도(우측 세로 복도)"", ""anchor_room"": null, ""room_range"": ""412-425"", ""clip_score"": -0.018792, ""ocr_score"": 0.0, ""geo_score"": 0.268775, ""prior_score"": 0.0, ""combined_score"": 0.088718}, {""rank"": 2, ""node_id"": 421, ""node_type"": ""ROOM"", ""description"": ""421호 강의실"", ""anchor_room"": null, ""room_range"": null, ""clip_score"": -0.019036, ""ocr_score"": 0.0, ""geo_score"": 0.2, ""prior_score"": 0.0, ""combined_score"": 0.060964}, {""rank"": 3, ""node_id"": 4170, ""node_type"": ""STUDY"", ""description"": ""아라테크네 학습공간 입구"", ""anchor_room"": null, ""room_range"": null, ""clip_score"": -0.001385, ""ocr_score"": 0.0, ""geo_score"": 0.078947, ""prior_score"": 0.0, ""combined_score"": 0.030194}, {""rank"": 4, ""node_id"": 427, ""node_type"": ""ROOM"", ""description"": ""427호 강의실"", ""anchor_room"": null, ""room_range"": null, ""clip_score"": -0.024507, ""ocr_score"": 0.0, ""geo_score"": 0.123377, ""prior_score"": 0.0, ""combined_score"": 0.024844}, {""rank"": 5, ""node_id"": 430, ""node_type"": ""ROOM"", ""description"": ""430호 강의실"", ""anchor_room"": null, ""room_range"": null, ""clip_score"": -0.026783, ""ocr_score"": 0.0, ""geo_score"": 0.119565, ""prior_score"": 0.0, ""combined_score"": 0.021043}, {""rank"": 6, ""node_id"": 429, ""node_type"": ""ROOM"", ""description"": ""429호 강의실"", ""anchor_room"": null, ""room_range"": null, ""clip_score"": -0.026854, ""ocr_score"": 0.0, ""geo_score"": 0.113497, ""prior_score"": 0.0, ""combined_score"": 0.018545}, {""rank"": 7, ""node_id"": 431, ""node_type"": ""ROOM"", ""description"": ""431호 강의실"", ""anchor_room"": null, ""room_range"": null, ""clip_score"": -0.02105, ""ocr_score"": 0.0, ""geo_score"": 0.096618, ""prior_score"": 0.0, ""combined_score"": 0.017598}, {""rank"": 8, ""node_id"": 420, ""node_type"": ""ROOM"", ""description"": ""420호 강의실"", ""anchor_room"": null, ""room_range"": null, ""clip_score"": -0.024505, ""ocr_score"": 0.0, ""geo_score"": 0.065089, ""prior_score"": 0.0, ""combined_score"": 0.00153}, {""rank"": 9, ""node_id"": 4180, ""node_type"": ""ROOM"", ""description"": ""KE SW 아카데미 행정실"", ""anchor_room"": null, ""room_range"": null, ""clip_score"": -0.02329, ""ocr_score"": 0.0, ""geo_score"": 0.051064, ""prior_score"": 0.0, ""combined_score"": -0.002864}, {""rank"": 10, ""node_id"": 422, ""node_type"": ""ROOM"", ""description"": ""422호 강의실"", ""anchor_room"": null, ""room_range"": null, ""clip_score"": -0.027625, ""ocr_score"": 0.0, ""geo_score"": 0.058394, ""prior_score"": 0.0, ""combined_score"": -0.004267}]",
benchmarks\room_test_60deg\417_L.jpg,417_L.jpg,417,L,,419,0.247042,0,0,0,,0.0,2,0,1,417,[],"[419, 421, 420, 4170, 422]",10,10,"[{""rank"": 1, ""node_id"": 419, ""node_type"": ""ROOM"", ""description"": ""419호 강의실"", ""anchor_room"": null, ""room_range"": null, ""clip_score"": 0.010314, ""ocr_score"": 0.0, ""geo_score"": 0.159533, ""prior_score"": 0.0, ""combined_score"": 0.074127}, {""rank"": 2, ""node_id"": 421, ""node_type"": ""ROOM"", ""description"": ""421호 강의실"", ""anchor_room"": null, ""room_range"": null, ""clip_score"": 0.009271, ""ocr_score"": 0.0, ""geo_score"": 0.151351, ""prior_score"": 0.0, ""combined_score"": 0.069811}, {""rank"": 3, ""node_id"": 420, ""node_type"": ""ROOM"", ""description"": ""420호 강의실"", ""anchor_room"": null, ""room_range"": null, ""clip_score"": 0.007311, ""ocr_score"": 0.0, ""geo_score"": 0.132275, ""prior_score"": 0.0, ""combined_score"": 0.060221}, {""rank"": 4, ""node_id"": 4170, ""node_type"": ""STUDY"", ""description"": ""아라테크네 학습공간 입구"", ""anchor_room"": null, ""room_range"": null, ""clip_score"": 0.019843, ""ocr_score"": 0.0, ""geo_score"": 0.097561, ""prior_score"": 0.0, ""combined_score"": 0.058867}, {""rank"": 5, ""node_id"": 422, ""node_type"": ""ROOM"", ""description"": ""422호 강의실"", ""anchor_room"": null, ""room_range"": null, ""clip_score"": 0.01068, ""ocr_score"": 0.0, ""geo_score"": 0.102128, ""prior_score"": 0.0, ""combined_score"": 0.051531}, {""rank"": 6, ""node_id"": 431, ""node_type"": ""ROOM"", ""description"": ""431호 강의실"", ""anchor_room"": null, ""room_range"": null, ""clip_score"": 0.015299, ""ocr_score"": 0.0, ""geo_score"": 0.07027, ""prior_score"": 0.0, ""combined_score"": 0.043407}, {""rank"": 7, ""node_id"": 428, ""node_type"": ""ROOM"", ""description"": ""428호 강의실"", ""anchor_room"": null, ""room_range"": null, ""clip_score"": 0.007355, ""ocr_score"": 0.0, ""geo_score"": 0.0837, ""prior_score"": 0.0, ""combined_score"": 0.040835}, {""rank"": 8, ""node_id"": 408, ""node_type"": ""ROOM"", ""description"": ""408호 강의실"", ""anchor_room"": null, ""room_range"": null, ""clip_score"": 0.007336, ""ocr_score"": 0.0, ""geo_score"": 0.082949, ""prior_score"": 0.0, ""combined_score"": 0.040515}, {""rank"": 9, ""node_id"": 4201, ""node_type"": ""INTERSECTION"", ""description"": ""북서 교차점(401/434 인근, 복도1-복도2 상단 연결)"", ""anchor_room"": null, ""room_range"": null, ""clip_score"": 0.008951, ""ocr_score"": 0.0, ""geo_score"": 0.072848, ""prior_score"": 0.0, ""combined_score"": 0.03809}, {""rank"": 10, ""node_id"": 427, ""node_type"": ""ROOM"", ""description"": ""427호 강의실"", ""anchor_room"": null, ""room_range"": null, ""clip_score"": 0.01335, ""ocr_score"": 0.0, ""geo_score"": 0.058511, ""prior_score"": 0.0, ""combined_score"": 0.036755}]",
benchmarks\room_test_60deg\417_R.jpg,417_R.jpg,417,R,,4103,0.322939,0,0,0,,0.0,1,1,1,,[],"[4103, 421, 427, 4201, 4170]",10,10,"[{""rank"": 1, ""node_id"": 4103, ""node_type"": ""CORRIDOR"", ""description"": ""4층 412~425 앞 복도(우측 세로 복도)"", ""anchor_room"": null, ""room_range"": ""412-425"", ""clip_score"": 0.00014, ""ocr_score"": 0.0, ""geo_score"": 0.320755, ""prior_score"": 0.0, ""combined_score"": 0.128442}, {""rank"": 2, ""node_id"": 421, ""node_type"": ""ROOM"", ""description"": ""421호 강의실"", ""anchor_room"": null, ""room_range"": null, ""clip_score"": -0.002874, ""ocr_score"": 0.0, ""geo_score"": 0.281768, ""prior_score"": 0.0, ""combined_score"": 0.109833}, {""rank"": 3, ""node_id"": 427, ""node_type"": ""ROOM"", ""description"": ""427호 강의실"", ""anchor_room"": null, ""room_range"": null, ""clip_score"": -0.003231, ""ocr_score"": 0.0, ""geo_score"": 0.277311, ""prior_score"": 0.0, ""combined_score"": 0.107694}, {""rank"": 4, ""node_id"": 4201, ""node_type"": ""INTERSECTION"", ""description"": ""북서 교차점(401/434 인근, 복도1-복도2 상단 연결)"", ""anchor_room"": null, ""room_range"": null, ""clip_score"": -0.001152, ""ocr_score"": 0.0, ""geo_score"": 0.230769, ""prior_score"": 0.0, ""combined_score"": 0.091156}, {""rank"": 5, ""node_id"": 4170, ""node_type"": ""STUDY"", ""description"": ""아라테크네 학습공간 입구"", ""anchor_room"": null, ""room_range"": null, ""clip_score"": 0.017649, ""ocr_score"": 0.0, ""geo_score"": 0.114504, ""prior_score"": 0.0, ""combined_score"": 0.063451}, {""rank"": 6, ""node_id"": 431, ""node_type"": ""ROOM"", ""description"": ""431호 강의실"", ""anchor_room"": null, ""room_range"": null, ""clip_score"": -0.001469, ""ocr_score"": 0.0, ""geo_score"": 0.088372, ""prior_score"": 0.0, ""combined_score"": 0.03388}, {""rank"": 7, ""node_id"": 420, ""node_type"": ""ROOM"", ""description"": ""420호 강의실"", ""anchor_room"": null, ""room_range"": null, ""clip_score"": -0.00728, ""ocr_score"": 0.0, ""geo_score"": 0.098485, ""prior_score"": 0.0, ""combined_score"": 0.032114}, {""rank"": 8, ""node_id"": 422, ""node_type"": ""ROOM"", ""description"": ""422호 강의실"", ""anchor_room"": null, ""room_range"": null, ""clip_score"": -0.007113, ""ocr_score"": 0.0, ""geo_score"": 0.073298, ""prior_score"": 0.0, ""combined_score"": 0.022206}, {""rank"": 9, ""node_id"": 430, ""node_type"": ""ROOM"", ""description"": ""430호 강의실"", ""anchor_room"": null, ""room_range"": null, ""clip_score"": -0.007309, ""ocr_score"": 0.0, ""geo_score"": 0.072727, ""prior_score"": 0.0, ""combined_score"": 0.021782}, {""rank"": 10, ""node_id"": 429, ""node_type"": ""ROOM"", ""description"": ""429호 강의실"", ""anchor_room"": null, ""room_range"": null, ""clip_score"": -0.004874, ""ocr_score"": 0.0, ""geo_score"": 0.061947, ""prior_score"": 0.0, ""combined_score"": 0.019904}]",
benchmarks\room_test_60deg\4180_R.jpg,4180_R.jpg,4180,R,,419,0.245752,0,0,0,,0.0,5,0,0,,[],"[419, 421, 431, 422, 420]",10,10,"[{""rank"": 1, ""node_id"": 419, ""node_type"": ""ROOM"", ""description"": ""419호 강의실"", ""anchor_room"": null, ""room_range"": null, ""clip_score"": 0.033655, ""ocr_score"": 0.0, ""geo_score"": 0.153153, ""prior_score"": 0.0, ""combined_score"": 0.094917}, {""rank"": 2, ""node_id"": 421, ""node_type"": ""ROOM"", ""description"": ""421호 강의실"", ""anchor_room"": null, ""room_range"": null, ""clip_score"": 0.037597, ""ocr_score"": 0.0, ""geo_score"": 0.12931, ""prior_score"": 0.0, ""combined_score"": 0.089321}, {""rank"": 3, ""node_id"": 431, ""node_type"": ""ROOM"", ""description"": ""431호 강의실"", ""anchor_room"": null, ""room_range"": null, ""clip_score"": 0.034947, ""ocr_score"": 0.0, ""geo_score"": 0.115385, ""prior_score"": 0.0, ""combined_score"": 0.0811}, {""rank"": 4, ""node_id"": 422, ""node_type"": ""ROOM"", ""description"": ""422호 강의실"", ""anchor_room"": null, ""room_range"": null, ""clip_score"": 0.034524, ""ocr_score"": 0.0, ""geo_score"": 0.108333, ""prior_score"": 0.0, ""combined_score"": 0.077857}, {""rank"": 5, ""node_id"": 420, ""node_type"": ""ROOM"", ""description"": ""420호 강의실"", ""anchor_room"": null, ""room_range"": null, ""clip_score"": 0.034466, ""ocr_score"": 0.0, ""geo_score"": 0.107527, ""prior_score"": 0.0, ""combined_score"": 0.077477}, {""rank"": 6, ""node_id"": 430, ""node_type"": ""ROOM"", ""description"": ""430호 강의실"", ""anchor_room"": null, ""room_range"": null, ""clip_score"": 0.027769, ""ocr_score"": 0.0, ""geo_score"": 0.117021, ""prior_score"": 0.0, ""combined_score"": 0.074577}, {""rank"": 7, ""node_id"": 4170, ""node_type"": ""STUDY"", ""description"": ""아라테크네 학습공간 입구"", ""anchor_room"": null, ""room_range"": null, ""clip_score"": 0.029801, ""ocr_score"": 0.0, ""geo_score"": 0.105263, ""prior_score"": 0.0, ""combined_score"": 0.071906}, {""rank"": 8, ""node_id"": 427, ""node_type"": ""ROOM"", ""description"": ""427호 강의실"", ""anchor_room"": null, ""room_range"": null, ""clip_score"": 0.032508, ""ocr_score"": 0.0, ""geo_score"": 0.093168, ""prior_score"": 0.0, ""combined_score"": 0.069775}, {""rank"": 9, ""node_id"": 416, ""node_type"": ""ROOM"", ""description"": ""416호 강의실"", ""anchor_room"": null, ""room_range"": null, ""clip_score"": 0.027185, ""ocr_score"": 0.0, ""geo_score"": 0.092715, ""prior_score"": 0.0, ""combined_score"": 0.064271}, {""rank"": 10, ""node_id"": 423, ""node_type"": ""ROOM"", ""description"": ""423호 강의실"", ""anchor_room"": null, ""room_range"": null, ""clip_score"": 0.028738, ""ocr_score"": 0.0, ""geo_score"": 0.084746, ""prior_score"": 0.0, ""combined_score"": 0.062636}]",
benchmarks\room_test_60deg\418_L.jpg,418_L.jpg,418,L,,419,0.351468,0,0,0,,0.0,1,1,1,418,[],"[419, 421, 4170, 420, 422]",10,10,"[{""rank"": 1, ""node_id"": 419, ""node_type"": ""ROOM"", ""description"": ""419호 강의실"", ""anchor_room"": null, ""room_range"": null, ""clip_score"": 0.029416, ""ocr_score"": 0.0, ""geo_score"": 0.238095, ""prior_score"": 0.0, ""combined_score"": 0.124654}, {""rank"": 2, ""node_id"": 421, ""node_type"": ""ROOM"", ""description"": ""421호 강의실"", ""anchor_room"": null, ""room_range"": null, ""clip_score"": 0.029717, ""ocr_score"": 0.0, ""geo_score"": 0.166124, ""prior_score"": 0.0, ""combined_score"": 0.096166}, {""rank"": 3, ""node_id"": 4170, ""node_type"": ""STUDY"", ""description"": ""아라테크네 학습공간 입구"", ""anchor_room"": null, ""room_range"": null, ""clip_score"": 0.051704, ""ocr_score"": 0.0, ""geo_score"": 0.085714, ""prior_score"": 0.0, ""combined_score"": 0.08599}, {""rank"": 4, ""node_id"": 420, ""node_type"": ""ROOM"", ""description"": ""420호 강의실"", ""anchor_room"": null, ""room_range"": null, ""clip_score"": 0.026852, ""ocr_score"": 0.0, ""geo_score"": 0.139175, ""prior_score"": 0.0, ""combined_score"": 0.082522}, {""rank"": 5, ""node_id"": 422, ""node_type"": ""ROOM"", ""description"": ""422호 강의실"", ""anchor_room"": null, ""room_range"": null, ""clip_score"": 0.031621, ""ocr_score"": 0.0, ""geo_score"": 0.114068, ""prior_score"": 0.0, ""combined_score"": 0.077249}, {""rank"": 6, ""node_id"": 428, ""node_type"": ""ROOM"", ""description"": ""428호 강의실"", ""anchor_room"": null, ""room_range"": null, ""clip_score"": 0.027919, ""ocr_score"": 0.0, ""geo_score"": 0.100917, ""prior_score"": 0.0, ""combined_score"": 0.068286}, {""rank"": 7, ""node_id"": 431, ""node_type"": ""ROOM"", ""description"": ""431호 강의실"", ""anchor_room"": null, ""room_range"": null, ""clip_score"": 0.035761, ""ocr_score"": 0.0, ""geo_score"": 0.075269, ""prior_score"": 0.0, ""combined_score"": 0.065868}, {""rank"": 8, ""node_id"": 427, ""node_type"": ""ROOM"", ""description"": ""427호 강의실"", ""anchor_room"": null, ""room_range"": null, ""clip_score"": 0.034659, ""ocr_score"": 0.0, ""geo_score"": 0.076233, ""prior_score"": 0.0, ""combined_score"": 0.065153}, {""rank"": 9, ""node_id"": 430, ""node_type"": ""ROOM"", ""description"": ""430호 강의실"", ""anchor_room"": null, ""room_range"": null, ""clip_score"": 0.028222, ""ocr_score"": 0.0, ""geo_score"": 0.087629, ""prior_score"": 0.0, ""combined_score"": 0.063274}, {""rank"": 10, ""node_id"": 408, ""node_type"": ""ROOM"", ""description"": ""408호 강의실"", ""anchor_room"": null, ""room_range"": null, ""clip_score"": 0.030349, ""ocr_score"": 0.0, ""geo_score"": 0.072289, ""prior_score"": 0.0, ""combined_score"": 0.059265}]",
benchmarks\room_test_60deg\418_R.jpg,418_R.jpg,418,R,,430,0.324275,0,0,0,,0.0,4,0,0,,[],"[430, 421, 429, 427, 431]",10,10,"[{""rank"": 1, ""node_id"": 430, ""node_type"": ""ROOM"", ""description"": ""430호 강의실"", ""anchor_room"": null, ""room_range"": null, ""clip_score"": -0.014067, ""ocr_score"": 0.0, ""geo_score"": 0.260714, ""prior_score"": 0.0, ""combined_score"": 0.090219}, {""rank"": 2, ""node_id"": 421, ""node_type"": ""ROOM"", ""description"": ""421호 강의실"", ""anchor_room"": null, ""room_range"": null, ""clip_score"": -0.016319, ""ocr_score"": 0.0, ""geo_score"": 0.225455, ""prior_score"": 0.0, ""combined_score"": 0.073863}, {""rank"": 3, ""node_id"": 429, ""node_type"": ""ROOM"", ""description"": ""429호 강의실"", ""anchor_room"": null, ""room_range"": null, ""clip_score"": -0.015956, ""ocr_score"": 0.0, ""geo_score"": 0.173228, ""prior_score"": 0.0, ""combined_score"": 0.053336}, {""rank"": 4, ""node_id"": 427, ""node_type"": ""ROOM"", ""description"": ""427호 강의실"", ""anchor_room"": null, ""room_range"": null, ""clip_score"": -0.013365, ""ocr_score"": 0.0, ""geo_score"": 0.162857, ""prior_score"": 0.0, ""combined_score"": 0.051778}, {""rank"": 5, ""node_id"": 431, ""node_type"": ""ROOM"", ""description"": ""431호 강의실"", ""anchor_room"": null, ""room_range"": null, ""clip_score"": -0.012236, ""ocr_score"": 0.0, ""geo_score"": 0.148, ""prior_score"": 0.0, ""combined_score"": 0.046964}, {""rank"": 6, ""node_id"": 4170, ""node_type"": ""STUDY"", ""description"": ""아라테크네 학습공간 입구"", ""anchor_room"": null, ""room_range"": null, ""clip_score"": 0.011157, ""ocr_score"": 0.0, ""geo_score"": 0.051948, ""prior_score"": 0.0, ""combined_score"": 0.031936}, {""rank"": 7, ""node_id"": 4103, ""node_type"": ""CORRIDOR"", ""description"": ""4층 412~425 앞 복도(우측 세로 복도)"", ""anchor_room"": null, ""room_range"": ""412-425"", ""clip_score"": -0.003215, ""ocr_score"": 0.0, ""geo_score"": 0.068085, ""prior_score"": 0.0, ""combined_score"": 0.024019}, {""rank"": 8, ""node_id"": 4201, ""node_type"": ""INTERSECTION"", ""description"": ""북서 교차점(401/434 인근, 복도1-복도2 상단 연결)"", ""anchor_room"": null, ""room_range"": null, ""clip_score"": -0.012872, ""ocr_score"": 0.0, ""geo_score"": 0.090909, ""prior_score"": 0.0, ""combined_score"": 0.023492}, {""rank"": 9, ""node_id"": 4101, ""node_type"": ""CORRIDOR"", ""description"": ""4층 407~411 앞 복도"", ""anchor_room"": null, ""room_range"": ""407-411"", ""clip_score"": -0.017432, ""ocr_score"": 0.0, ""geo_score"": 0.067901, ""prior_score"": 0.0, ""combined_score"": 0.009728}, {""rank"": 10, ""node_id"": 4180, ""node_type"": ""ROOM"", ""description"": ""KE SW 아카데미 행정실"", ""anchor_room"": null, ""room_range"": null, ""clip_score"": -0.016617, ""ocr_score"": 0.0, ""geo_score"": 0.037037, ""prior_score"": 0.0, ""combined_score"": -0.001802}]",
benchmarks\room_test_60deg\419_L.jpg,419_L.jpg,419,L,,419,0.828018,1,1,1,1,1.0,0,1,1,,[],"[419, 421, 429, 422, 4170]",10,10,"[{""rank"": 1, ""node_id"": 419, ""node_type"": ""ROOM"", ""description"": ""419호 강의실"", ""anchor_room"": null, ""room_range"": null, ""clip_score"": 0.031622, ""ocr_score"": 0.0, ""geo_score"": 0.513388, ""prior_score"": 0.0, ""combined_score"": 0.236977}, {""rank"": 2, ""node_id"": 421, ""node_type"": ""ROOM"", ""description"": ""421호 강의실"", ""anchor_room"": null, ""room_range"": null, ""clip_score"": 0.028963, ""ocr_score"": 0.0, ""geo_score"": 0.180258, ""prior_score"": 0.0, ""combined_score"": 0.101066}, {""rank"": 3, ""node_id"": 429, ""node_type"": ""ROOM"", ""description"": ""429호 강의실"", ""anchor_room"": null, ""room_range"": null, ""clip_score"": 0.026404, ""ocr_score"": 0.0, ""geo_score"": 0.171687, ""prior_score"": 0.0, ""combined_score"": 0.095079}, {""rank"": 4, ""node_id"": 422, ""node_type"": ""ROOM"", ""description"": ""422호 강의실"", ""anchor_room"": null, ""room_range"": null, ""clip_score"": 0.029186, ""ocr_score"": 0.0, ""geo_score"": 0.122271, ""prior_score"": 0.0, ""combined_score"": 0.078094}, {""rank"": 5, ""node_id"": 4170, ""node_type"": ""STUDY"", ""description"": ""아라테크네 학습공간 입구"", ""anchor_room"": null, ""room_range"": null, ""clip_score"": 0.047781, ""ocr_score"": 0.0, ""geo_score"": 0.075188, ""prior_score"": 0.0, ""combined_score"": 0.077856}, {""rank"": 6, ""node_id"": 427, ""node_type"": ""ROOM"", ""description"": ""427호 강의실"", ""anchor_room"": null, ""room_range"": null, ""clip_score"": 0.033921, ""ocr_score"": 0.0, ""geo_score"": 0.097345, ""prior_score"": 0.0, ""combined_score"": 0.072859}, {""rank"": 7, ""node_id"": 431, ""node_type"": ""ROOM"", ""description"": ""431호 강의실"", ""anchor_room"": null, ""room_range"": null, ""clip_score"": 0.032853, ""ocr_score"": 0.0, ""geo_score"": 0.097087, ""prior_score"": 0.0, ""combined_score"": 0.071688}, {""rank"": 8, ""node_id"": 430, ""node_type"": ""ROOM"", ""description"": ""430호 강의실"", ""anchor_room"": null, ""room_range"": null, ""clip_score"": 0.027131, ""ocr_score"": 0.0, ""geo_score"": 0.110526, ""prior_score"": 0.0, ""combined_score"": 0.071342}, {""rank"": 9, ""node_id"": 408, ""node_type"": ""ROOM"", ""description"": ""408호 강의실"", ""anchor_room"": null, ""room_range"": null, ""clip_score"": 0.028961, ""ocr_score"": 0.0, ""geo_score"": 0.087591, ""prior_score"": 0.0, ""combined_score"": 0.063997}, {""rank"": 10, ""node_id"": 428, ""node_type"": ""ROOM"", ""description"": ""428호 강의실"", ""anchor_room"": null, ""room_range"": null, ""clip_score"": 0.026417, ""ocr_score"": 0.0, ""geo_score"": 0.071429, ""prior_score"": 0.0, ""combined_score"": 0.054989}]",
benchmarks\room_test_60deg\419_R.jpg,419_R.jpg,419,R,,421,0.262367,0,0,0,,0.0,2,0,1,,[],"[421, 429, 427, 4170, 4101]",10,10,"[{""rank"": 1, ""node_id"": 421, ""node_type"": ""ROOM"", ""description"": ""421호 강의실"", ""anchor_room"": null, ""room_range"": null, ""clip_score"": -0.009417, ""ocr_score"": 0.0, ""geo_score"": 0.201835, ""prior_score"": 0.0, ""combined_score"": 0.071317}, {""rank"": 2, ""node_id"": 429, ""node_type"": ""ROOM"", ""description"": ""429호 강의실"", ""anchor_room"": null, ""room_range"": null, ""clip_score"": -0.011602, ""ocr_score"": 0.0, ""geo_score"": 0.173913, ""prior_score"": 0.0, ""combined_score"": 0.057964}, {""rank"": 3, ""node_id"": 427, ""node_type"": ""ROOM"", ""description"": ""427호 강의실"", ""anchor_room"": null, ""room_range"": null, ""clip_score"": -0.009043, ""ocr_score"": 0.0, ""geo_score"": 0.156627, ""prior_score"": 0.0, ""combined_score"": 0.053608}, {""rank"": 4, ""node_id"": 4170, ""node_type"": ""STUDY"", ""description"": ""아라테크네 학습공간 입구"", ""anchor_room"": null, ""room_range"": null, ""clip_score"": 0.018043, ""ocr_score"": 0.0, ""geo_score"": 0.086957, ""prior_score"": 0.0, ""combined_score"": 0.052826}, {""rank"": 5, ""node_id"": 4101, ""node_type"": ""CORRIDOR"", ""description"": ""4층 407~411 앞 복도"", ""anchor_room"": null, ""room_range"": ""407-411"", ""clip_score"": -0.010351, ""ocr_score"": 0.0, ""geo_score"": 0.150943, ""prior_score"": 0.0, ""combined_score"": 0.050026}, {""rank"": 6, ""node_id"": 4103, ""node_type"": ""CORRIDOR"", ""description"": ""4층 412~425 앞 복도(우측 세로 복도)"", ""anchor_room"": null, ""room_range"": ""412-425"", ""clip_score"": 0.000945, ""ocr_score"": 0.0, ""geo_score"": 0.107345, ""prior_score"": 0.0, ""combined_score"": 0.043883}, {""rank"": 7, ""node_id"": 4201, ""node_type"": ""INTERSECTION"", ""description"": ""북서 교차점(401/434 인근, 복도1-복도2 상단 연결)"", ""anchor_room"": null, ""room_range"": null, ""clip_score"": -0.006175, ""ocr_score"": 0.0, ""geo_score"": 0.096491, ""prior_score"": 0.0, ""combined_score"": 0.032422}, {""rank"": 8, ""node_id"": 4102, ""node_type"": ""CORRIDOR"", ""description"": ""4층 426~435, 401~406 앞 복도(좌측 세로 복도)"", ""anchor_room"": null, ""room_range"": ""401-406;426-435"", ""clip_score"": -0.010311, ""ocr_score"": 0.0, ""geo_score"": 0.09434, ""prior_score"": 0.0, ""combined_score"": 0.027425}, {""rank"": 9, ""node_id"": 431, ""node_type"": ""ROOM"", ""description"": ""431호 강의실"", ""anchor_room"": null, ""room_range"": null, ""clip_score"": -0.007117, ""ocr_score"": 0.0, ""geo_score"": 0.082927, ""prior_score"": 0.0, ""combined_score"": 0.026054}, {""rank"": 10, ""node_id"": 422, ""node_type"": ""ROOM"", ""description"": ""422호 강의실"", ""anchor_room"": null, ""room_range"": null, ""clip_score"": -0.012001, ""ocr_score"": 0.0, ""geo_score"": 0.081081, ""prior_score"": 0.0, ""combined_score"": 0.020432}]",
benchmarks\room_test_60deg\420_L.jpg,420_L.jpg,420,L,,420,0.99998,1,1,1,1,1.0,0,1,1,420,[],"[420, 419, 421, 422, 429]",10,10,"[{""rank"": 1, ""node_id"": 420, ""node_type"": ""ROOM"", ""description"": ""420호 강의실"", ""anchor_room"": null, ""room_range"": null, ""clip_score"": 0.034771, ""ocr_score"": 0.6, ""geo_score"": 0.516272, ""prior_score"": 0.0, ""combined_score"": 0.72128}, {""rank"": 2, ""node_id"": 419, ""node_type"": ""ROOM"", ""description"": ""419호 강의실"", ""anchor_room"": null, ""room_range"": null, ""clip_score"": 0.03634, ""ocr_score"": 0.0, ""geo_score"": 0.203509, ""prior_score"": 0.0, ""combined_score"": 0.117743}, {""rank"": 3, ""node_id"": 421, ""node_type"": ""ROOM"", ""description"": ""421호 강의실"", ""anchor_room"": null, ""room_range"": null, ""clip_score"": 0.038011, ""ocr_score"": 0.0, ""geo_score"": 0.190299, ""prior_score"": 0.0, ""combined_score"": 0.11413}, {""rank"": 4, ""node_id"": 422, ""node_type"": ""ROOM"", ""description"": ""422호 강의실"", ""anchor_room"": null, ""room_range"": null, ""clip_score"": 0.038092, ""ocr_score"": 0.0, ""geo_score"": 0.173203, ""prior_score"": 0.0, ""combined_score"": 0.107373}, {""rank"": 5, ""node_id"": 429, ""node_type"": ""ROOM"", ""description"": ""429호 강의실"", ""anchor_room"": null, ""room_range"": null, ""clip_score"": 0.035418, ""ocr_score"": 0.0, ""geo_score"": 0.163399, ""prior_score"": 0.0, ""combined_score"": 0.100778}, {""rank"": 6, ""node_id"": 428, ""node_type"": ""ROOM"", ""description"": ""428호 강의실"", ""anchor_room"": null, ""room_range"": null, ""clip_score"": 0.035367, ""ocr_score"": 0.0, ""geo_score"": 0.147783, ""prior_score"": 0.0, ""combined_score"": 0.09448}, {""rank"": 7, ""node_id"": 4170, ""node_type"": ""STUDY"", ""description"": ""아라테크네 학습공간 입구"", ""anchor_room"": null, ""room_range"": null, ""clip_score"": 0.054119, ""ocr_score"": 0.0, ""geo_score"": 0.090164, ""prior_score"": 0.0, ""combined_score"": 0.090184}, {""rank"": 8, ""node_id"": 427, ""node_type"": ""ROOM"", ""description"": ""427호 강의실"", ""anchor_room"": null, ""room_range"": null, ""clip_score"": 0.043812, ""ocr_score"": 0.0, ""geo_score"": 0.094527, ""prior_score"": 0.0, ""combined_score"": 0.081623}, {""rank"": 9, ""node_id"": 430, ""node_type"": ""ROOM"", ""description"": ""430호 강의실"", ""anchor_room"": null, ""room_range"": null, ""clip_score"": 0.03602, ""ocr_score"": 0.0, ""geo_score"": 0.106742, ""prior_score"": 0.0, ""combined_score"": 0.078717}, {""rank"": 10, ""node_id"": 431, ""node_type"": ""ROOM"", ""description"": ""431호 강의실"", ""anchor_room"": null, ""room_range"": null, ""clip_score"": 0.041887, ""ocr_score"": 0.0, ""geo_score"": 0.088083, ""prior_score"": 0.0, ""combined_score"": 0.07712}]",
benchmarks\room_test_60deg\420_R.jpg,420_R.jpg,420,R,,420,0.304816,1,1,1,1,1.0,0,1,1,410,[],"[420, 429, 427, 421, 4170]",10,10,"[{""rank"": 1, ""node_id"": 420, ""node_type"": ""ROOM"", ""description"": ""420호 강의실"", ""anchor_room"": null, ""room_range"": null, ""clip_score"": -0.036495, ""ocr_score"": 0.0, ""geo_score"": 0.271889, ""prior_score"": 0.0, ""combined_score"": 0.07226}, {""rank"": 2, ""node_id"": 429, ""node_type"": ""ROOM"", ""description"": ""429호 강의실"", ""anchor_room"": null, ""room_range"": null, ""clip_score"": -0.034439, ""ocr_score"": 0.0, ""geo_score"": 0.232143, ""prior_score"": 0.0, ""combined_score"": 0.058418}, {""rank"": 3, ""node_id"": 427, ""node_type"": ""ROOM"", ""description"": ""427호 강의실"", ""anchor_room"": null, ""room_range"": null, ""clip_score"": -0.029039, ""ocr_score"": 0.0, ""geo_score"": 0.179577, ""prior_score"": 0.0, ""combined_score"": 0.042792}, {""rank"": 4, ""node_id"": 421, ""node_type"": ""ROOM"", ""description"": ""421호 강의실"", ""anchor_room"": null, ""room_range"": null, ""clip_score"": -0.030791, ""ocr_score"": 0.0, ""geo_score"": 0.183099, ""prior_score"": 0.0, ""combined_score"": 0.042449}, {""rank"": 5, ""node_id"": 4170, ""node_type"": ""STUDY"", ""description"": ""아라테크네 학습공간 입구"", ""anchor_room"": null, ""room_range"": null, ""clip_score"": -0.004813, ""ocr_score"": 0.0, ""geo_score"": 0.083333, ""prior_score"": 0.0, ""combined_score"": 0.02852}, {""rank"": 6, ""node_id"": 431, ""node_type"": ""ROOM"", ""description"": ""431호 강의실"", ""anchor_room"": null, ""room_range"": null, ""clip_score"": -0.027404, ""ocr_score"": 0.0, ""geo_score"": 0.131222, ""prior_score"": 0.0, ""combined_score"": 0.025085}, {""rank"": 7, ""node_id"": 4103, ""node_type"": ""CORRIDOR"", ""description"": ""4층 412~425 앞 복도(우측 세로 복도)"", ""anchor_room"": null, ""room_range"": ""412-425"", ""clip_score"": -0.028669, ""ocr_score"": 0.0, ""geo_score"": 0.101266, ""prior_score"": 0.0, ""combined_score"": 0.011837}, {""rank"": 8, ""node_id"": 422, ""node_type"": ""ROOM"", ""description"": ""422호 강의실"", ""anchor_room"": null, ""room_range"": null, ""clip_score"": -0.034845, ""ocr_score"": 0.0, ""geo_score"": 0.087963, ""prior_score"": 0.0, ""combined_score"": 0.00034}, {""rank"": 9, ""node_id"": 4201, ""node_type"": ""INTERSECTION"", ""description"": ""북서 교차점(401/434 인근, 복도1-복도2 상단 연결)"", ""anchor_room"": null, ""room_range"": null, ""clip_score"": -0.033868, ""ocr_score"": 0.0, ""geo_score"": 0.069364, ""prior_score"": 0.0, ""combined_score"": -0.006122}, {""rank"": 10, ""node_id"": 430, ""node_type"": ""ROOM"", ""description"": ""430호 강의실"", ""anchor_room"": null, ""room_range"": null, ""clip_score"": -0.034592, ""ocr_score"": 0.0, ""geo_score"": 0.071006, ""prior_score"": 0.0, ""combined_score"": -0.00619}]",
benchmarks\room_test_60deg\421_L.jpg,421_L.jpg,421,L,,421,0.999861,1,1,1,1,1.0,0,1,1,421,[],"[421, 420, 429, 422, 431]",10,10,"[{""rank"": 1, ""node_id"": 421, ""node_type"": ""ROOM"", ""description"": ""421호 강의실"", ""anchor_room"": null, ""room_range"": null, ""clip_score"": 0.032758, ""ocr_score"": 0.6, ""geo_score"": 0.318868, ""prior_score"": 0.0, ""combined_score"": 0.640305}, {""rank"": 2, ""node_id"": 420, ""node_type"": ""ROOM"", ""description"": ""420호 강의실"", ""anchor_room"": null, ""room_range"": null, ""clip_score"": 0.028676, ""ocr_score"": 0.0, ""geo_score"": 0.275641, ""prior_score"": 0.0, ""combined_score"": 0.138932}, {""rank"": 3, ""node_id"": 429, ""node_type"": ""ROOM"", ""description"": ""429호 강의실"", ""anchor_room"": null, ""room_range"": null, ""clip_score"": 0.02964, ""ocr_score"": 0.0, ""geo_score"": 0.235294, ""prior_score"": 0.0, ""combined_score"": 0.123757}, {""rank"": 4, ""node_id"": 422, ""node_type"": ""ROOM"", ""description"": ""422호 강의실"", ""anchor_room"": null, ""room_range"": null, ""clip_score"": 0.029342, ""ocr_score"": 0.0, ""geo_score"": 0.231818, ""prior_score"": 0.0, ""combined_score"": 0.122069}, {""rank"": 5, ""node_id"": 431, ""node_type"": ""ROOM"", ""description"": ""431호 강의실"", ""anchor_room"": null, ""room_range"": null, ""clip_score"": 0.037699, ""ocr_score"": 0.0, ""geo_score"": 0.206897, ""prior_score"": 0.0, ""combined_score"": 0.120457}, {""rank"": 6, ""node_id"": 428, ""node_type"": ""ROOM"", ""description"": ""428호 강의실"", ""anchor_room"": null, ""room_range"": null, ""clip_score"": 0.029403, ""ocr_score"": 0.0, ""geo_score"": 0.211679, ""prior_score"": 0.0, ""combined_score"": 0.114074}, {""rank"": 7, ""node_id"": 419, ""node_type"": ""ROOM"", ""description"": ""419호 강의실"", ""anchor_room"": null, ""room_range"": null, ""clip_score"": 0.030999, ""ocr_score"": 0.0, ""geo_score"": 0.198582, ""prior_score"": 0.0, ""combined_score"": 0.110432}, {""rank"": 8, ""node_id"": 430, ""node_type"": ""ROOM"", ""description"": ""430호 강의실"", ""anchor_room"": null, ""room_range"": null, ""clip_score"": 0.029534, ""ocr_score"": 0.0, ""geo_score"": 0.201754, ""prior_score"": 0.0, ""combined_score"": 0.110236}, {""rank"": 9, ""node_id"": 427, ""node_type"": ""ROOM"", ""description"": ""427호 강의실"", ""anchor_room"": null, ""room_range"": null, ""clip_score"": 0.036817, ""ocr_score"": 0.0, ""geo_score"": 0.174242, ""prior_score"": 0.0, ""combined_score"": 0.106513}, {""rank"": 10, ""node_id"": 4170, ""node_type"": ""STUDY"", ""description"": ""아라테크네 학습공간 입구"", ""anchor_room"": null, ""room_range"": null, ""clip_score"": 0.04048, ""ocr_score"": 0.0, ""geo_score"": 0.090909, ""prior_score"": 0.0, ""combined_score"": 0.076843}]",
benchmarks\room_test_60deg\421_R.jpg,421_R.jpg,421,R,,4101,0.930614,0,1,1,3,0.333333,3,0,0,"410,429,4102",[],"[4101, 429, 421, 422, 4103]",10,10,"[{""rank"": 1, ""node_id"": 4101, ""node_type"": ""CORRIDOR"", ""description"": ""4층 407~411 앞 복도"", ""anchor_room"": null, ""room_range"": ""407-411"", ""clip_score"": -0.034772, ""ocr_score"": 0.8, ""geo_score"": 0.108434, ""prior_score"": 0.0, ""combined_score"": 0.648602}, {""rank"": 2, ""node_id"": 429, ""node_type"": ""ROOM"", ""description"": ""429호 강의실"", ""anchor_room"": null, ""room_range"": null, ""clip_score"": -0.035401, ""ocr_score"": 0.6, ""geo_score"": 0.185455, ""prior_score"": 0.0, ""combined_score"": 0.51878}, {""rank"": 3, ""node_id"": 421, ""node_type"": ""ROOM"", ""description"": ""421호 강의실"", ""anchor_room"": null, ""room_range"": null, ""clip_score"": -0.030608, ""ocr_score"": 0.0, ""geo_score"": 0.264865, ""prior_score"": 0.0, ""combined_score"": 0.075338}, {""rank"": 4, ""node_id"": 422, ""node_type"": ""ROOM"", ""description"": ""422호 강의실"", ""anchor_room"": null, ""room_range"": null, ""clip_score"": -0.033887, ""ocr_score"": 0.0, ""geo_score"": 0.19398, ""prior_score"": 0.0, ""combined_score"": 0.043705}, {""rank"": 5, ""node_id"": 4103, ""node_type"": ""CORRIDOR"", ""description"": ""4층 412~425 앞 복도(우측 세로 복도)"", ""anchor_room"": null, ""room_range"": ""412-425"", ""clip_score"": -0.021019, ""ocr_score"": 0.0, ""geo_score"": 0.127778, ""prior_score"": 0.0, ""combined_score"": 0.030092}, {""rank"": 6, ""node_id"": 4170, ""node_type"": ""STUDY"", ""description"": ""아라테크네 학습공간 입구"", ""anchor_room"": null, ""room_range"": null, ""clip_score"": 0.00185, ""ocr_score"": 0.0, ""geo_score"": 0.06993, ""prior_score"": 0.0, ""combined_score"": 0.029822}, {""rank"": 7, ""node_id"": 420, ""node_type"": ""ROOM"", ""description"": ""420호 강의실"", ""anchor_room"": null, ""room_range"": null, ""clip_score"": -0.03508, ""ocr_score"": 0.0, ""geo_score"": 0.119149, ""prior_score"": 0.0, ""combined_score"": 0.012579}, {""rank"": 8, ""node_id"": 4201, ""node_type"": ""INTERSECTION"", ""description"": ""북서 교차점(401/434 인근, 복도1-복도2 상단 연결)"", ""anchor_room"": null, ""room_range"": null, ""clip_score"": -0.030437, ""ocr_score"": 0.0, ""geo_score"": 0.106918, ""prior_score"": 0.0, ""combined_score"": 0.01233}, {""rank"": 9, ""node_id"": 427, ""node_type"": ""ROOM"", ""description"": ""427호 강의실"", ""anchor_room"": null, ""room_range"": null, ""clip_score"": -0.031928, ""ocr_score"": 0.0, ""geo_score"": 0.1, ""prior_score"": 0.0, ""combined_score"": 0.008072}, {""rank"": 10, ""node_id"": 431, ""node_type"": ""ROOM"", ""description"": ""431호 강의실"", ""anchor_room"": null, ""room_range"": null, ""clip_score"": -0.029408, ""ocr_score"": 0.0, ""geo_score"": 0.061135, ""prior_score"": 0.0, ""combined_score"": -0.004954}]",
benchmarks\room_test_60deg\422_L.jpg,422_L.jpg,422,L,,422,0.999972,1,1,1,1,1.0,0,1,1,"422,471",[],"[422, 421, 429, 420, 419]",10,10,"[{""rank"": 1, ""node_id"": 422, ""node_type"": ""ROOM"", ""description"": ""422호 강의실"", ""anchor_room"": null, ""room_range"": null, ""clip_score"": 0.023028, ""ocr_score"": 0.6, ""geo_score"": 0.490741, ""prior_score"": 0.0, ""combined_score"": 0.699324}, {""rank"": 2, ""node_id"": 421, ""node_type"": ""ROOM"", ""description"": ""421호 강의실"", ""anchor_room"": null, ""room_range"": null, ""clip_score"": 0.021562, ""ocr_score"": 0.0, ""geo_score"": 0.293436, ""prior_score"": 0.0, ""combined_score"": 0.138937}, {""rank"": 3, ""node_id"": 429, ""node_type"": ""ROOM"", ""description"": ""429호 강의실"", ""anchor_room"": null, ""room_range"": null, ""clip_score"": 0.020783, ""ocr_score"": 0.0, ""geo_score"": 0.2, ""prior_score"": 0.0, ""combined_score"": 0.100783}, {""rank"": 4, ""node_id"": 420, ""node_type"": ""ROOM"", ""description"": ""420호 강의실"", ""anchor_room"": null, ""room_range"": null, ""clip_score"": 0.021305, ""ocr_score"": 0.0, ""geo_score"": 0.159817, ""prior_score"": 0.0, ""combined_score"": 0.085232}, {""rank"": 5, ""node_id"": 419, ""node_type"": ""ROOM"", ""description"": ""419호 강의실"", ""anchor_room"": null, ""room_range"": null, ""clip_score"": 0.022347, ""ocr_score"": 0.0, ""geo_score"": 0.135417, ""prior_score"": 0.0, ""combined_score"": 0.076514}, {""rank"": 6, ""node_id"": 427, ""node_type"": ""ROOM"", ""description"": ""427호 강의실"", ""anchor_room"": null, ""room_range"": null, ""clip_score"": 0.02793, ""ocr_score"": 0.0, ""geo_score"": 0.118557, ""prior_score"": 0.0, ""combined_score"": 0.075352}, {""rank"": 7, ""node_id"": 431, ""node_type"": ""ROOM"", ""description"": ""431호 강의실"", ""anchor_room"": null, ""room_range"": null, ""clip_score"": 0.028697, ""ocr_score"": 0.0, ""geo_score"": 0.100559, ""prior_score"": 0.0, ""combined_score"": 0.068921}, {""rank"": 8, ""node_id"": 430, ""node_type"": ""ROOM"", ""description"": ""430호 강의실"", ""anchor_room"": null, ""room_range"": null, ""clip_score"": 0.019533, ""ocr_score"": 0.0, ""geo_score"": 0.116022, ""prior_score"": 0.0, ""combined_score"": 0.065942}, {""rank"": 9, ""node_id"": 4170, ""node_type"": ""STUDY"", ""description"": ""아라테크네 학습공간 입구"", ""anchor_room"": null, ""room_range"": null, ""clip_score"": 0.031156, ""ocr_score"": 0.0, ""geo_score"": 0.079646, ""prior_score"": 0.0, ""combined_score"": 0.063014}, {""rank"": 10, ""node_id"": 408, ""node_type"": ""ROOM"", ""description"": ""408호 강의실"", ""anchor_room"": null, ""room_range"": null, ""clip_score"": 0.019539, ""ocr_score"": 0.0, ""geo_score"": 0.092025, ""prior_score"": 0.0, ""combined_score"": 0.056349}]",
benchmarks\room_test_60deg\422_R.jpg,422_R.jpg,422,R,,422,0.526545,1,1,1,1,1.0,0,1,1,481,[],"[422, 421, 427, 429, 431]",10,10,"[{""rank"": 1, ""node_id"": 422, ""node_type"": ""ROOM"", ""description"": ""422호 강의실"", ""anchor_room"": null, ""room_range"": null, ""clip_score"": -0.042152, ""ocr_score"": 0.0, ""geo_score"": 0.380165, ""prior_score"": 0.0, ""combined_score"": 0.109914}, {""rank"": 2, ""node_id"": 421, ""node_type"": ""ROOM"", ""description"": ""421호 강의실"", ""anchor_room"": null, ""room_range"": null, ""clip_score"": -0.037627, ""ocr_score"": 0.0, ""geo_score"": 0.233533, ""prior_score"": 0.0, ""combined_score"": 0.055786}, {""rank"": 3, ""node_id"": 427, ""node_type"": ""ROOM"", ""description"": ""427호 강의실"", ""anchor_room"": null, ""room_range"": null, ""clip_score"": -0.041368, ""ocr_score"": 0.0, ""geo_score"": 0.209486, ""prior_score"": 0.0, ""combined_score"": 0.042426}, {""rank"": 4, ""node_id"": 429, ""node_type"": ""ROOM"", ""description"": ""429호 강의실"", ""anchor_room"": null, ""room_range"": null, ""clip_score"": -0.04376, ""ocr_score"": 0.0, ""geo_score"": 0.152866, ""prior_score"": 0.0, ""combined_score"": 0.017387}, {""rank"": 5, ""node_id"": 431, ""node_type"": ""ROOM"", ""description"": ""431호 강의실"", ""anchor_room"": null, ""room_range"": null, ""clip_score"": -0.038686, ""ocr_score"": 0.0, ""geo_score"": 0.129252, ""prior_score"": 0.0, ""combined_score"": 0.013015}, {""rank"": 6, ""node_id"": 420, ""node_type"": ""ROOM"", ""description"": ""420호 강의실"", ""anchor_room"": null, ""room_range"": null, ""clip_score"": -0.045243, ""ocr_score"": 0.0, ""geo_score"": 0.14218, ""prior_score"": 0.0, ""combined_score"": 0.011629}, {""rank"": 7, ""node_id"": 4170, ""node_type"": ""STUDY"", ""description"": ""아라테크네 학습공간 입구"", ""anchor_room"": null, ""room_range"": null, ""clip_score"": -0.022581, ""ocr_score"": 0.0, ""geo_score"": 0.079646, ""prior_score"": 0.0, ""combined_score"": 0.009277}, {""rank"": 8, ""node_id"": 4103, ""node_type"": ""CORRIDOR"", ""description"": ""4층 412~425 앞 복도(우측 세로 복도)"", ""anchor_room"": null, ""room_range"": ""412-425"", ""clip_score"": -0.033143, ""ocr_score"": 0.0, ""geo_score"": 0.097561, ""prior_score"": 0.0, ""combined_score"": 0.005881}, {""rank"": 9, ""node_id"": 430, ""node_type"": ""ROOM"", ""description"": ""430호 강의실"", ""anchor_room"": null, ""room_range"": null, ""clip_score"": -0.042604, ""ocr_score"": 0.0, ""geo_score"": 0.116279, ""prior_score"": 0.0, ""combined_score"": 0.003908}, {""rank"": 10, ""node_id"": 4201, ""node_type"": ""INTERSECTION"", ""description"": ""북서 교차점(401/434 인근, 복도1-복도2 상단 연결)"", ""anchor_room"": null, ""room_range"": null, ""clip_score"": -0.044508, ""ocr_score"": 0.0, ""geo_score"": 0.084416, ""prior_score"": 0.0, ""combined_score"": -0.010742}]",
benchmarks\room_test_60deg\423_L.jpg,423_L.jpg,423,L,,428,0.999434,0,0,0,,0.0,4,0,0,428,[],"[428, 421, 431, 422, 419]",10,10,"[{""rank"": 1, ""node_id"": 428, ""node_type"": ""ROOM"", ""description"": ""428호 강의실"", ""anchor_room"": null, ""room_range"": null, ""clip_score"": 0.021075, ""ocr_score"": 0.6, ""geo_score"": 0.207071, ""prior_score"": 0.0, ""combined_score"": 0.583903}, {""rank"": 2, ""node_id"": 421, ""node_type"": ""ROOM"", ""description"": ""421호 강의실"", ""anchor_room"": null, ""room_range"": null, ""clip_score"": 0.024188, ""ocr_score"": 0.0, ""geo_score"": 0.367257, ""prior_score"": 0.0, ""combined_score"": 0.171091}, {""rank"": 3, ""node_id"": 431, ""node_type"": ""ROOM"", ""description"": ""431호 강의실"", ""anchor_room"": null, ""room_range"": null, ""clip_score"": 0.028864, ""ocr_score"": 0.0, ""geo_score"": 0.286307, ""prior_score"": 0.0, ""combined_score"": 0.143387}, {""rank"": 4, ""node_id"": 422, ""node_type"": ""ROOM"", ""description"": ""422호 강의실"", ""anchor_room"": null, ""room_range"": null, ""clip_score"": 0.0245, ""ocr_score"": 0.0, ""geo_score"": 0.228782, ""prior_score"": 0.0, ""combined_score"": 0.116013}, {""rank"": 5, ""node_id"": 419, ""node_type"": ""ROOM"", ""description"": ""419호 강의실"", ""anchor_room"": null, ""room_range"": null, ""clip_score"": 0.024749, ""ocr_score"": 0.0, ""geo_score"": 0.20398, ""prior_score"": 0.0, ""combined_score"": 0.106341}, {""rank"": 6, ""node_id"": 420, ""node_type"": ""ROOM"", ""description"": ""420호 강의실"", ""anchor_room"": null, ""room_range"": null, ""clip_score"": 0.022545, ""ocr_score"": 0.0, ""geo_score"": 0.196078, ""prior_score"": 0.0, ""combined_score"": 0.100976}, {""rank"": 7, ""node_id"": 430, ""node_type"": ""ROOM"", ""description"": ""430호 강의실"", ""anchor_room"": null, ""room_range"": null, ""clip_score"": 0.023088, ""ocr_score"": 0.0, ""geo_score"": 0.194286, ""prior_score"": 0.0, ""combined_score"": 0.100803}, {""rank"": 8, ""node_id"": 427, ""node_type"": ""ROOM"", ""description"": ""427호 강의실"", ""anchor_room"": null, ""room_range"": null, ""clip_score"": 0.031104, ""ocr_score"": 0.0, ""geo_score"": 0.156069, ""prior_score"": 0.0, ""combined_score"": 0.093532}, {""rank"": 9, ""node_id"": 4170, ""node_type"": ""STUDY"", ""description"": ""아라테크네 학습공간 입구"", ""anchor_room"": null, ""room_range"": null, ""clip_score"": 0.034113, ""ocr_score"": 0.0, ""geo_score"": 0.083333, ""prior_score"": 0.0, ""combined_score"": 0.067447}, {""rank"": 10, ""node_id"": 408, ""node_type"": ""ROOM"", ""description"": ""408호 강의실"", ""anchor_room"": null, ""room_range"": null, ""clip_score"": 0.024686, ""ocr_score"": 0.0, ""geo_score"": 0.094595, ""prior_score"": 0.0, ""combined_score"": 0.062524}]",
benchmarks\room_test_60deg\423_R.jpg,423_R.jpg,423,R,,430,0.444368,0,0,0,,0.0,4,0,0,,[],"[430, 4103, 421, 427, 4201]",10,10,"[{""rank"": 1, ""node_id"": 430, ""node_type"": ""ROOM"", ""description"": ""430호 강의실"", ""anchor_room"": null, ""room_range"": null, ""clip_score"": -0.028454, ""ocr_score"": 0.0, ""geo_score"": 0.349593, ""prior_score"": 0.0, ""combined_score"": 0.111383}, {""rank"": 2, ""node_id"": 4103, ""node_type"": ""CORRIDOR"", ""description"": ""4층 412~425 앞 복도(우측 세로 복도)"", ""anchor_room"": null, ""room_range"": ""412-425"", ""clip_score"": -0.016944, ""ocr_score"": 0.0, ""geo_score"": 0.193676, ""prior_score"": 0.0, ""combined_score"": 0.060526}, {""rank"": 3, ""node_id"": 421, ""node_type"": ""ROOM"", ""description"": ""421호 강의실"", ""anchor_room"": null, ""room_range"": null, ""clip_score"": -0.026399, ""ocr_score"": 0.0, ""geo_score"": 0.196429, ""prior_score"": 0.0, ""combined_score"": 0.052173}, {""rank"": 4, ""node_id"": 427, ""node_type"": ""ROOM"", ""description"": ""427호 강의실"", ""anchor_room"": null, ""room_range"": null, ""clip_score"": -0.024701, ""ocr_score"": 0.0, ""geo_score"": 0.191419, ""prior_score"": 0.0, ""combined_score"": 0.051866}, {""rank"": 5, ""node_id"": 4201, ""node_type"": ""INTERSECTION"", ""description"": ""북서 교차점(401/434 인근, 복도1-복도2 상단 연결)"", ""anchor_room"": null, ""room_range"": null, ""clip_score"": -0.020638, ""ocr_score"": 0.0, ""geo_score"": 0.17033, ""prior_score"": 0.0, ""combined_score"": 0.047494}, {""rank"": 6, ""node_id"": 428, ""node_type"": ""ROOM"", ""description"": ""428호 강의실"", ""anchor_room"": null, ""room_range"": null, ""clip_score"": -0.028586, ""ocr_score"": 0.0, ""geo_score"": 0.134454, ""prior_score"": 0.0, ""combined_score"": 0.025195}, {""rank"": 7, ""node_id"": 431, ""node_type"": ""ROOM"", ""description"": ""431호 강의실"", ""anchor_room"": null, ""room_range"": null, ""clip_score"": -0.02466, ""ocr_score"": 0.0, ""geo_score"": 0.116564, ""prior_score"": 0.0, ""combined_score"": 0.021966}, {""rank"": 8, ""node_id"": 4170, ""node_type"": ""STUDY"", ""description"": ""아라테크네 학습공간 입구"", ""anchor_room"": null, ""room_range"": null, ""clip_score"": -0.008872, ""ocr_score"": 0.0, ""geo_score"": 0.075472, ""prior_score"": 0.0, ""combined_score"": 0.021317}, {""rank"": 9, ""node_id"": 429, ""node_type"": ""ROOM"", ""description"": ""429호 강의실"", ""anchor_room"": null, ""room_range"": null, ""clip_score"": -0.028704, ""ocr_score"": 0.0, ""geo_score"": 0.125, ""prior_score"": 0.0, ""combined_score"": 0.021296}, {""rank"": 10, ""node_id"": 4102, ""node_type"": ""CORRIDOR"", ""description"": ""4층 426~435, 401~406 앞 복도(좌측 세로 복도)"", ""anchor_room"": null, ""room_range"": ""401-406;426-435"", ""clip_score"": -0.026953, ""ocr_score"": 0.0, ""geo_score"": 0.110497, ""prior_score"": 0.0, ""combined_score"": 0.017246}]",
benchmarks\room_test_60deg\424_L.jpg,424_L.jpg,424,L,,419,0.302899,0,0,0,,0.0,2,0,1,424,[],"[419, 4170, 429, 421, 420]",10,10,"[{""rank"": 1, ""node_id"": 419, ""node_type"": ""ROOM"", ""description"": ""419호 강의실"", ""anchor_room"": null, ""room_range"": null, ""clip_score"": 0.024415, ""ocr_score"": 0.0, ""geo_score"": 0.228571, ""prior_score"": 0.0, ""combined_score"": 0.115844}, {""rank"": 2, ""node_id"": 4170, ""node_type"": ""STUDY"", ""description"": ""아라테크네 학습공간 입구"", ""anchor_room"": null, ""room_range"": null, ""clip_score"": 0.038313, ""ocr_score"": 0.0, ""geo_score"": 0.168317, ""prior_score"": 0.0, ""combined_score"": 0.105639}, {""rank"": 3, ""node_id"": 429, ""node_type"": ""ROOM"", ""description"": ""429호 강의실"", ""anchor_room"": null, ""room_range"": null, ""clip_score"": 0.019366, ""ocr_score"": 0.0, ""geo_score"": 0.166667, ""prior_score"": 0.0, ""combined_score"": 0.086032}, {""rank"": 4, ""node_id"": 421, ""node_type"": ""ROOM"", ""description"": ""421호 강의실"", ""anchor_room"": null, ""room_range"": null, ""clip_score"": 0.023567, ""ocr_score"": 0.0, ""geo_score"": 0.144231, ""prior_score"": 0.0, ""combined_score"": 0.081259}, {""rank"": 5, ""node_id"": 420, ""node_type"": ""ROOM"", ""description"": ""420호 강의실"", ""anchor_room"": null, ""room_range"": null, ""clip_score"": 0.020824, ""ocr_score"": 0.0, ""geo_score"": 0.133333, ""prior_score"": 0.0, ""combined_score"": 0.074157}, {""rank"": 6, ""node_id"": 427, ""node_type"": ""ROOM"", ""description"": ""427호 강의실"", ""anchor_room"": null, ""room_range"": null, ""clip_score"": 0.026868, ""ocr_score"": 0.0, ""geo_score"": 0.117978, ""prior_score"": 0.0, ""combined_score"": 0.074059}, {""rank"": 7, ""node_id"": 422, ""node_type"": ""ROOM"", ""description"": ""422호 강의실"", ""anchor_room"": null, ""room_range"": null, ""clip_score"": 0.021536, ""ocr_score"": 0.0, ""geo_score"": 0.125, ""prior_score"": 0.0, ""combined_score"": 0.071536}, {""rank"": 8, ""node_id"": 431, ""node_type"": ""ROOM"", ""description"": ""431호 강의실"", ""anchor_room"": null, ""room_range"": null, ""clip_score"": 0.02595, ""ocr_score"": 0.0, ""geo_score"": 0.109489, ""prior_score"": 0.0, ""combined_score"": 0.069745}, {""rank"": 9, ""node_id"": 430, ""node_type"": ""ROOM"", ""description"": ""430호 강의실"", ""anchor_room"": null, ""room_range"": null, ""clip_score"": 0.021268, ""ocr_score"": 0.0, ""geo_score"": 0.118343, ""prior_score"": 0.0, ""combined_score"": 0.068606}, {""rank"": 10, ""node_id"": 408, ""node_type"": ""ROOM"", ""description"": ""408호 강의실"", ""anchor_room"": null, ""room_range"": null, ""clip_score"": 0.022591, ""ocr_score"": 0.0, ""geo_score"": 0.076923, ""prior_score"": 0.0, ""combined_score"": 0.053361}]",
benchmarks\room_test_60deg\424_R.jpg,424_R.jpg,424,R,,421,0.336033,0,0,0,,0.0,2,0,1,,[],"[421, 427, 4201, 4103, 431]",10,10,"[{""rank"": 1, ""node_id"": 421, ""node_type"": ""ROOM"", ""description"": ""421호 강의실"", ""anchor_room"": null, ""room_range"": null, ""clip_score"": -0.025189, ""ocr_score"": 0.0, ""geo_score"": 0.250923, ""prior_score"": 0.0, ""combined_score"": 0.07518}, {""rank"": 2, ""node_id"": 427, ""node_type"": ""ROOM"", ""description"": ""427호 강의실"", ""anchor_room"": null, ""room_range"": null, ""clip_score"": -0.026777, ""ocr_score"": 0.0, ""geo_score"": 0.196364, ""prior_score"": 0.0, ""combined_score"": 0.051769}, {""rank"": 3, ""node_id"": 4201, ""node_type"": ""INTERSECTION"", ""description"": ""북서 교차점(401/434 인근, 복도1-복도2 상단 연결)"", ""anchor_room"": null, ""room_range"": null, ""clip_score"": -0.024127, ""ocr_score"": 0.0, ""geo_score"": 0.163265, ""prior_score"": 0.0, ""combined_score"": 0.041179}, {""rank"": 4, ""node_id"": 4103, ""node_type"": ""CORRIDOR"", ""description"": ""4층 412~425 앞 복도(우측 세로 복도)"", ""anchor_room"": null, ""room_range"": ""412-425"", ""clip_score"": -0.016876, ""ocr_score"": 0.0, ""geo_score"": 0.126316, ""prior_score"": 0.0, ""combined_score"": 0.03365}, {""rank"": 5, ""node_id"": 431, ""node_type"": ""ROOM"", ""description"": ""431호 강의실"", ""anchor_room"": null, ""room_range"": null, ""clip_score"": -0.025751, ""ocr_score"": 0.0, ""geo_score"": 0.140078, ""prior_score"": 0.0, ""combined_score"": 0.030281}, {""rank"": 6, ""node_id"": 4170, ""node_type"": ""STUDY"", ""description"": ""아라테크네 학습공간 입구"", ""anchor_room"": null, ""room_range"": null, ""clip_score"": -0.001487, ""ocr_score"": 0.0, ""geo_score"": 0.059322, ""prior_score"": 0.0, ""combined_score"": 0.022242}, {""rank"": 7, ""node_id"": 4140, ""node_type"": ""ELEVATOR"", ""description"": ""4층 상단 엘리베이터"", ""anchor_room"": null, ""room_range"": null, ""clip_score"": -0.029135, ""ocr_score"": 0.0, ""geo_score"": 0.10687, ""prior_score"": 0.0, ""combined_score"": 0.013613}, {""rank"": 8, ""node_id"": 430, ""node_type"": ""ROOM"", ""description"": ""430호 강의실"", ""anchor_room"": null, ""room_range"": null, ""clip_score"": -0.02654, ""ocr_score"": 0.0, ""geo_score"": 0.086735, ""prior_score"": 0.0, ""combined_score"": 0.008154}, {""rank"": 9, ""node_id"": 4107, ""node_type"": ""PASSAGE"", ""description"": ""4층 하단 엘리베이터 앞 통로(아라테크네 방향)"", ""anchor_room"": null, ""room_range"": null, ""clip_score"": -0.028101, ""ocr_score"": 0.0, ""geo_score"": 0.086957, ""prior_score"": 0.0, ""combined_score"": 0.006681}, {""rank"": 10, ""node_id"": 4102, ""node_type"": ""CORRIDOR"", ""description"": ""4층 426~435, 401~406 앞 복도(좌측 세로 복도)"", ""anchor_room"": null, ""room_range"": ""401-406;426-435"", ""clip_score"": -0.028271, ""ocr_score"": 0.0, ""geo_score"": 0.068323, ""prior_score"": 0.0, ""combined_score"": -0.000942}]",
benchmarks\room_test_60deg\425_L.jpg,425_L.jpg,425,L,,419,0.290358,0,0,0,,0.0,2,0,1,"425,426,423",[],"[419, 420, 421, 428, 427]",10,10,"[{""rank"": 1, ""node_id"": 419, ""node_type"": ""ROOM"", ""description"": ""419호 강의실"", ""anchor_room"": null, ""room_range"": null, ""clip_score"": 0.032184, ""ocr_score"": 0.0, ""geo_score"": 0.245455, ""prior_score"": 0.0, ""combined_score"": 0.130366}, {""rank"": 2, ""node_id"": 420, ""node_type"": ""ROOM"", ""description"": ""420호 강의실"", ""anchor_room"": null, ""room_range"": null, ""clip_score"": 0.03097, ""ocr_score"": 0.0, ""geo_score"": 0.22488, ""prior_score"": 0.0, ""combined_score"": 0.120922}, {""rank"": 3, ""node_id"": 421, ""node_type"": ""ROOM"", ""description"": ""421호 강의실"", ""anchor_room"": null, ""room_range"": null, ""clip_score"": 0.030071, ""ocr_score"": 0.0, ""geo_score"": 0.186869, ""prior_score"": 0.0, ""combined_score"": 0.104818}, {""rank"": 4, ""node_id"": 428, ""node_type"": ""ROOM"", ""description"": ""428호 강의실"", ""anchor_room"": null, ""room_range"": null, ""clip_score"": 0.025594, ""ocr_score"": 0.0, ""geo_score"": 0.188776, ""prior_score"": 0.0, ""combined_score"": 0.101104}, {""rank"": 5, ""node_id"": 427, ""node_type"": ""ROOM"", ""description"": ""427호 강의실"", ""anchor_room"": null, ""room_range"": null, ""clip_score"": 0.03674, ""ocr_score"": 0.0, ""geo_score"": 0.136792, ""prior_score"": 0.0, ""combined_score"": 0.091457}, {""rank"": 6, ""node_id"": 422, ""node_type"": ""ROOM"", ""description"": ""422호 강의실"", ""anchor_room"": null, ""room_range"": null, ""clip_score"": 0.029947, ""ocr_score"": 0.0, ""geo_score"": 0.151111, ""prior_score"": 0.0, ""combined_score"": 0.090391}, {""rank"": 7, ""node_id"": 430, ""node_type"": ""ROOM"", ""description"": ""430호 강의실"", ""anchor_room"": null, ""room_range"": null, ""clip_score"": 0.026447, ""ocr_score"": 0.0, ""geo_score"": 0.15625, ""prior_score"": 0.0, ""combined_score"": 0.088947}, {""rank"": 8, ""node_id"": 431, ""node_type"": ""ROOM"", ""description"": ""431호 강의실"", ""anchor_room"": null, ""room_range"": null, ""clip_score"": 0.032512, ""ocr_score"": 0.0, ""geo_score"": 0.123529, ""prior_score"": 0.0, ""combined_score"": 0.081923}, {""rank"": 9, ""node_id"": 4170, ""node_type"": ""STUDY"", ""description"": ""아라테크네 학습공간 입구"", ""anchor_room"": null, ""room_range"": null, ""clip_score"": 0.050433, ""ocr_score"": 0.0, ""geo_score"": 0.072581, ""prior_score"": 0.0, ""combined_score"": 0.079466}, {""rank"": 10, ""node_id"": 408, ""node_type"": ""ROOM"", ""description"": ""408호 강의실"", ""anchor_room"": null, ""room_range"": null, ""clip_score"": 0.027513, ""ocr_score"": 0.0, ""geo_score"": 0.069231, ""prior_score"": 0.0, ""combined_score"": 0.055205}]",
benchmarks\room_test_60deg\425_R.jpg,425_R.jpg,425,R,,421,0.344697,0,0,0,,0.0,2,0,1,,[],"[421, 4140, 4107, 4170, 4103]",10,10,"[{""rank"": 1, ""node_id"": 421, ""node_type"": ""ROOM"", ""description"": ""421호 강의실"", ""anchor_room"": null, ""room_range"": null, ""clip_score"": -0.000109, ""ocr_score"": 0.0, ""geo_score"": 0.261905, ""prior_score"": 0.0, ""combined_score"": 0.104653}, {""rank"": 2, ""node_id"": 4140, ""node_type"": ""ELEVATOR"", ""description"": ""4층 상단 엘리베이터"", ""anchor_room"": null, ""room_range"": null, ""clip_score"": 0.005263, ""ocr_score"": 0.0, ""geo_score"": 0.176, ""prior_score"": 0.0, ""combined_score"": 0.075663}, {""rank"": 3, ""node_id"": 4107, ""node_type"": ""PASSAGE"", ""description"": ""4층 하단 엘리베이터 앞 통로(아라테크네 방향)"", ""anchor_room"": null, ""room_range"": null, ""clip_score"": 0.00398, ""ocr_score"": 0.0, ""geo_score"": 0.170854, ""prior_score"": 0.0, ""combined_score"": 0.072322}, {""rank"": 4, ""node_id"": 4170, ""node_type"": ""STUDY"", ""description"": ""아라테크네 학습공간 입구"", ""anchor_room"": null, ""room_range"": null, ""clip_score"": 0.032761, ""ocr_score"": 0.0, ""geo_score"": 0.083333, ""prior_score"": 0.0, ""combined_score"": 0.066094}, {""rank"": 5, ""node_id"": 4103, ""node_type"": ""CORRIDOR"", ""description"": ""4층 412~425 앞 복도(우측 세로 복도)"", ""anchor_room"": null, ""room_range"": ""412-425"", ""clip_score"": 0.005227, ""ocr_score"": 0.0, ""geo_score"": 0.119048, ""prior_score"": 0.0, ""combined_score"": 0.052846}, {""rank"": 6, ""node_id"": 427, ""node_type"": ""ROOM"", ""description"": ""427호 강의실"", ""anchor_room"": null, ""room_range"": null, ""clip_score"": 0.000508, ""ocr_score"": 0.0, ""geo_score"": 0.127962, ""prior_score"": 0.0, ""combined_score"": 0.051693}, {""rank"": 7, ""node_id"": 430, ""node_type"": ""ROOM"", ""description"": ""430호 강의실"", ""anchor_room"": null, ""room_range"": null, ""clip_score"": -0.001398, ""ocr_score"": 0.0, ""geo_score"": 0.130653, ""prior_score"": 0.0, ""combined_score"": 0.050863}, {""rank"": 8, ""node_id"": 4201, ""node_type"": ""INTERSECTION"", ""description"": ""북서 교차점(401/434 인근, 복도1-복도2 상단 연결)"", ""anchor_room"": null, ""room_range"": null, ""clip_score"": 0.003772, ""ocr_score"": 0.0, ""geo_score"": 0.115789, ""prior_score"": 0.0, ""combined_score"": 0.050087}, {""rank"": 9, ""node_id"": 431, ""node_type"": ""ROOM"", ""description"": ""431호 강의실"", ""anchor_room"": null, ""room_range"": null, ""clip_score"": 0.005858, ""ocr_score"": 0.0, ""geo_score"": 0.054795, ""prior_score"": 0.0, ""combined_score"": 0.027776}, {""rank"": 10, ""node_id"": 4111, ""node_type"": ""STAIRS"", ""description"": ""4층 우측 중단 계단(415와 416 사이)"", ""anchor_room"": null, ""room_range"": null, ""clip_score"": -0.002092, ""ocr_score"": 0.0, ""geo_score"": 0.062937, ""prior_score"": 0.0, ""combined_score"": 0.023083}]",
benchmarks\room_test_60deg\426_L.jpg,426_L.jpg,426,L,,427,0.290652,0,0,0,,0.0,1,1,1,"426,423",[],"[427, 428, 429, 430, 422]",10,10,"[{""rank"": 1, ""node_id"": 427, ""node_type"": ""ROOM"", ""description"": ""427호 강의실"", ""anchor_room"": null, ""room_range"": null, ""clip_score"": 0.03495, ""ocr_score"": 0.0, ""geo_score"": 0.259459, ""prior_score"": 0.0, ""combined_score"": 0.138734}, {""rank"": 2, ""node_id"": 428, ""node_type"": ""ROOM"", ""description"": ""428호 강의실"", ""anchor_room"": null, ""room_range"": null, ""clip_score"": 0.024852, ""ocr_score"": 0.0, ""geo_score"": 0.253112, ""prior_score"": 0.0, ""combined_score"": 0.126096}, {""rank"": 3, ""node_id"": 429, ""node_type"": ""ROOM"", ""description"": ""429호 강의실"", ""anchor_room"": null, ""room_range"": null, ""clip_score"": 0.026529, ""ocr_score"": 0.0, ""geo_score"": 0.237209, ""prior_score"": 0.0, ""combined_score"": 0.121412}, {""rank"": 4, ""node_id"": 430, ""node_type"": ""ROOM"", ""description"": ""430호 강의실"", ""anchor_room"": null, ""room_range"": null, ""clip_score"": 0.027309, ""ocr_score"": 0.0, ""geo_score"": 0.2, ""prior_score"": 0.0, ""combined_score"": 0.107309}, {""rank"": 5, ""node_id"": 422, ""node_type"": ""ROOM"", ""description"": ""422호 강의실"", ""anchor_room"": null, ""room_range"": null, ""clip_score"": 0.026874, ""ocr_score"": 0.0, ""geo_score"": 0.172185, ""prior_score"": 0.0, ""combined_score"": 0.095748}, {""rank"": 6, ""node_id"": 431, ""node_type"": ""ROOM"", ""description"": ""431호 강의실"", ""anchor_room"": null, ""room_range"": null, ""clip_score"": 0.033148, ""ocr_score"": 0.0, ""geo_score"": 0.147651, ""prior_score"": 0.0, ""combined_score"": 0.092208}, {""rank"": 7, ""node_id"": 419, ""node_type"": ""ROOM"", ""description"": ""419호 강의실"", ""anchor_room"": null, ""room_range"": null, ""clip_score"": 0.02761, ""ocr_score"": 0.0, ""geo_score"": 0.157895, ""prior_score"": 0.0, ""combined_score"": 0.090768}, {""rank"": 8, ""node_id"": 421, ""node_type"": ""ROOM"", ""description"": ""421호 강의실"", ""anchor_room"": null, ""room_range"": null, ""clip_score"": 0.027624, ""ocr_score"": 0.0, ""geo_score"": 0.148649, ""prior_score"": 0.0, ""combined_score"": 0.087083}, {""rank"": 9, ""node_id"": 4170, ""node_type"": ""STUDY"", ""description"": ""아라테크네 학습공간 입구"", ""anchor_room"": null, ""room_range"": null, ""clip_score"": 0.036752, ""ocr_score"": 0.0, ""geo_score"": 0.107143, ""prior_score"": 0.0, ""combined_score"": 0.079609}, {""rank"": 10, ""node_id"": 420, ""node_type"": ""ROOM"", ""description"": ""420호 강의실"", ""anchor_room"": null, ""room_range"": null, ""clip_score"": 0.024634, ""ocr_score"": 0.0, ""geo_score"": 0.134921, ""prior_score"": 0.0, ""combined_score"": 0.078602}]",
benchmarks\room_test_60deg\426_R.jpg,426_R.jpg,426,R,,423,0.331349,0,0,0,,0.0,4,0,0,"426,420",[],"[423, 421, 427, 429, 419]",10,10,"[{""rank"": 1, ""node_id"": 423, ""node_type"": ""ROOM"", ""description"": ""423호 강의실"", ""anchor_room"": null, ""room_range"": null, ""clip_score"": 0.004556, ""ocr_score"": 0.0, ""geo_score"": 0.276042, ""prior_score"": 0.0, ""combined_score"": 0.114973}, {""rank"": 2, ""node_id"": 421, ""node_type"": ""ROOM"", ""description"": ""421호 강의실"", ""anchor_room"": null, ""room_range"": null, ""clip_score"": 0.011643, ""ocr_score"": 0.0, ""geo_score"": 0.186813, ""prior_score"": 0.0, ""combined_score"": 0.086368}, {""rank"": 3, ""node_id"": 427, ""node_type"": ""ROOM"", ""description"": ""427호 강의실"", ""anchor_room"": null, ""room_range"": null, ""clip_score"": 0.007177, ""ocr_score"": 0.0, ""geo_score"": 0.189427, ""prior_score"": 0.0, ""combined_score"": 0.082948}, {""rank"": 4, ""node_id"": 429, ""node_type"": ""ROOM"", ""description"": ""429호 강의실"", ""anchor_room"": null, ""room_range"": null, ""clip_score"": 0.002402, ""ocr_score"": 0.0, ""geo_score"": 0.188406, ""prior_score"": 0.0, ""combined_score"": 0.077765}, {""rank"": 5, ""node_id"": 419, ""node_type"": ""ROOM"", ""description"": ""419호 강의실"", ""anchor_room"": null, ""room_range"": null, ""clip_score"": 0.002238, ""ocr_score"": 0.0, ""geo_score"": 0.182432, ""prior_score"": 0.0, ""combined_score"": 0.075211}, {""rank"": 6, ""node_id"": 416, ""node_type"": ""ROOM"", ""description"": ""416호 강의실"", ""anchor_room"": null, ""room_range"": null, ""clip_score"": 0.001183, ""ocr_score"": 0.0, ""geo_score"": 0.170455, ""prior_score"": 0.0, ""combined_score"": 0.069364}, {""rank"": 7, ""node_id"": 422, ""node_type"": ""ROOM"", ""description"": ""422호 강의실"", ""anchor_room"": null, ""room_range"": null, ""clip_score"": 0.005434, ""ocr_score"": 0.0, ""geo_score"": 0.158824, ""prior_score"": 0.0, ""combined_score"": 0.068964}, {""rank"": 8, ""node_id"": 430, ""node_type"": ""ROOM"", ""description"": ""430호 강의실"", ""anchor_room"": null, ""room_range"": null, ""clip_score"": 0.005759, ""ocr_score"": 0.0, ""geo_score"": 0.133333, ""prior_score"": 0.0, ""combined_score"": 0.059093}, {""rank"": 9, ""node_id"": 4170, ""node_type"": ""STUDY"", ""description"": ""아라테크네 학습공간 입구"", ""anchor_room"": null, ""room_range"": null, ""clip_score"": 0.015553, ""ocr_score"": 0.0, ""geo_score"": 0.081395, ""prior_score"": 0.0, ""combined_score"": 0.048111}, {""rank"": 10, ""node_id"": 431, ""node_type"": ""ROOM"", ""description"": ""431호 강의실"", ""anchor_room"": null, ""room_range"": null, ""clip_score"": 0.005862, ""ocr_score"": 0.0, ""geo_score"": 0.105, ""prior_score"": 0.0, ""combined_score"": 0.047862}]",
benchmarks\room_test_60deg\427_L.jpg,427_L.jpg,427,L,,427,0.999833,1,1,1,1,1.0,0,1,1,427,[],"[427, 428, 430, 431, 422]",10,10,"[{""rank"": 1, ""node_id"": 427, ""node_type"": ""ROOM"", ""description"": ""427호 강의실"", ""anchor_room"": null, ""room_range"": null, ""clip_score"": 0.014739, ""ocr_score"": 0.6, ""geo_score"": 0.259398, ""prior_score"": 0.0, ""combined_score"": 0.598499}, {""rank"": 2, ""node_id"": 428, ""node_type"": ""ROOM"", ""description"": ""428호 강의실"", ""anchor_room"": null, ""room_range"": null, ""clip_score"": 0.007602, ""ocr_score"": 0.0, ""geo_score"": 0.266055, ""prior_score"": 0.0, ""combined_score"": 0.114024}, {""rank"": 3, ""node_id"": 430, ""node_type"": ""ROOM"", ""description"": ""430호 강의실"", ""anchor_room"": null, ""room_range"": null, ""clip_score"": 0.008956, ""ocr_score"": 0.0, ""geo_score"": 0.205882, ""prior_score"": 0.0, ""combined_score"": 0.091309}, {""rank"": 4, ""node_id"": 431, ""node_type"": ""ROOM"", ""description"": ""431호 강의실"", ""anchor_room"": null, ""room_range"": null, ""clip_score"": 0.015628, ""ocr_score"": 0.0, ""geo_score"": 0.171053, ""prior_score"": 0.0, ""combined_score"": 0.084049}, {""rank"": 5, ""node_id"": 422, ""node_type"": ""ROOM"", ""description"": ""422호 강의실"", ""anchor_room"": null, ""room_range"": null, ""clip_score"": 0.008334, ""ocr_score"": 0.0, ""geo_score"": 0.179487, ""prior_score"": 0.0, ""combined_score"": 0.080129}, {""rank"": 6, ""node_id"": 4107, ""node_type"": ""PASSAGE"", ""description"": ""4층 하단 엘리베이터 앞 통로(아라테크네 방향)"", ""anchor_room"": null, ""room_range"": null, ""clip_score"": 0.007986, ""ocr_score"": 0.0, ""geo_score"": 0.172043, ""prior_score"": 0.0, ""combined_score"": 0.076803}, {""rank"": 7, ""node_id"": 421, ""node_type"": ""ROOM"", ""description"": ""421호 강의실"", ""anchor_room"": null, ""room_range"": null, ""clip_score"": 0.008131, ""ocr_score"": 0.0, ""geo_score"": 0.160714, ""prior_score"": 0.0, ""combined_score"": 0.072416}, {""rank"": 8, ""node_id"": 4170, ""node_type"": ""STUDY"", ""description"": ""아라테크네 학습공간 입구"", ""anchor_room"": null, ""room_range"": null, ""clip_score"": 0.020875, ""ocr_score"": 0.0, ""geo_score"": 0.125, ""prior_score"": 0.0, ""combined_score"": 0.070875}, {""rank"": 9, ""node_id"": 4103, ""node_type"": ""CORRIDOR"", ""description"": ""4층 412~425 앞 복도(우측 세로 복도)"", ""anchor_room"": null, ""room_range"": ""412-425"", ""clip_score"": 0.006902, ""ocr_score"": 0.0, ""geo_score"": 0.123457, ""prior_score"": 0.0, ""combined_score"": 0.056285}, {""rank"": 10, ""node_id"": 4201, ""node_type"": ""INTERSECTION"", ""description"": ""북서 교차점(401/434 인근, 복도1-복도2 상단 연결)"", ""anchor_room"": null, ""room_range"": null, ""clip_score"": 0.008825, ""ocr_score"": 0.0, ""geo_score"": 0.101266, ""prior_score"": 0.0, ""combined_score"": 0.049331}]",
benchmarks\room_test_60deg\427_R.jpg,427_R.jpg,427,R,,427,0.999966,1,1,1,1,1.0,0,1,1,427,[],"[427, 428, 421, 422, 420]",10,10,"[{""rank"": 1, ""node_id"": 427, ""node_type"": ""ROOM"", ""description"": ""427호 강의실"", ""anchor_room"": null, ""room_range"": null, ""clip_score"": 0.002206, ""ocr_score"": 0.6, ""geo_score"": 0.534286, ""prior_score"": 0.0, ""combined_score"": 0.69592}, {""rank"": 2, ""node_id"": 428, ""node_type"": ""ROOM"", ""description"": ""428호 강의실"", ""anchor_room"": null, ""room_range"": null, ""clip_score"": -0.004375, ""ocr_score"": 0.0, ""geo_score"": 0.306818, ""prior_score"": 0.0, ""combined_score"": 0.118352}, {""rank"": 3, ""node_id"": 421, ""node_type"": ""ROOM"", ""description"": ""421호 강의실"", ""anchor_room"": null, ""room_range"": null, ""clip_score"": 0.003707, ""ocr_score"": 0.0, ""geo_score"": 0.285714, ""prior_score"": 0.0, ""combined_score"": 0.117993}, {""rank"": 4, ""node_id"": 422, ""node_type"": ""ROOM"", ""description"": ""422호 강의실"", ""anchor_room"": null, ""room_range"": null, ""clip_score"": -0.00089, ""ocr_score"": 0.0, ""geo_score"": 0.27451, ""prior_score"": 0.0, ""combined_score"": 0.108914}, {""rank"": 5, ""node_id"": 420, ""node_type"": ""ROOM"", ""description"": ""420호 강의실"", ""anchor_room"": null, ""room_range"": null, ""clip_score"": -0.001976, ""ocr_score"": 0.0, ""geo_score"": 0.265306, ""prior_score"": 0.0, ""combined_score"": 0.104147}, {""rank"": 6, ""node_id"": 429, ""node_type"": ""ROOM"", ""description"": ""429호 강의실"", ""anchor_room"": null, ""room_range"": null, ""clip_score"": -0.003859, ""ocr_score"": 0.0, ""geo_score"": 0.267516, ""prior_score"": 0.0, ""combined_score"": 0.103148}, {""rank"": 7, ""node_id"": 4170, ""node_type"": ""STUDY"", ""description"": ""아라테크네 학습공간 입구"", ""anchor_room"": null, ""room_range"": null, ""clip_score"": 0.014791, ""ocr_score"": 0.0, ""geo_score"": 0.174603, ""prior_score"": 0.0, ""combined_score"": 0.084632}, {""rank"": 8, ""node_id"": 430, ""node_type"": ""ROOM"", ""description"": ""430호 강의실"", ""anchor_room"": null, ""room_range"": null, ""clip_score"": -0.000629, ""ocr_score"": 0.0, ""geo_score"": 0.212329, ""prior_score"": 0.0, ""combined_score"": 0.084302}, {""rank"": 9, ""node_id"": 419, ""node_type"": ""ROOM"", ""description"": ""419호 강의실"", ""anchor_room"": null, ""room_range"": null, ""clip_score"": -0.002809, ""ocr_score"": 0.0, ""geo_score"": 0.20354, ""prior_score"": 0.0, ""combined_score"": 0.078607}, {""rank"": 10, ""node_id"": 431, ""node_type"": ""ROOM"", ""description"": ""431호 강의실"", ""anchor_room"": null, ""room_range"": null, ""clip_score"": 0.002421, ""ocr_score"": 0.0, ""geo_score"": 0.179641, ""prior_score"": 0.0, ""combined_score"": 0.074278}]",
benchmarks\room_test_60deg\428_L.jpg,428_L.jpg,428,L,,428,0.999932,1,1,1,1,1.0,0,1,1,428,[],"[428, 427, 429, 431, 430]",10,10,"[{""rank"": 1, ""node_id"": 428, ""node_type"": ""ROOM"", ""description"": ""428호 강의실"", ""anchor_room"": null, ""room_range"": null, ""clip_score"": 0.028349, ""ocr_score"": 0.6, ""geo_score"": 0.433908, ""prior_score"": 0.0, ""combined_score"": 0.681912}, {""rank"": 2, ""node_id"": 427, ""node_type"": ""ROOM"", ""description"": ""427호 강의실"", ""anchor_room"": null, ""room_range"": null, ""clip_score"": 0.03686, ""ocr_score"": 0.0, ""geo_score"": 0.285714, ""prior_score"": 0.0, ""combined_score"": 0.151146}, {""rank"": 3, ""node_id"": 429, ""node_type"": ""ROOM"", ""description"": ""429호 강의실"", ""anchor_room"": null, ""room_range"": null, ""clip_score"": 0.025986, ""ocr_score"": 0.0, ""geo_score"": 0.273913, ""prior_score"": 0.0, ""combined_score"": 0.135551}, {""rank"": 4, ""node_id"": 431, ""node_type"": ""ROOM"", ""description"": ""431호 강의실"", ""anchor_room"": null, ""room_range"": null, ""clip_score"": 0.035147, ""ocr_score"": 0.0, ""geo_score"": 0.22093, ""prior_score"": 0.0, ""combined_score"": 0.123519}, {""rank"": 5, ""node_id"": 430, ""node_type"": ""ROOM"", ""description"": ""430호 강의실"", ""anchor_room"": null, ""room_range"": null, ""clip_score"": 0.028095, ""ocr_score"": 0.0, ""geo_score"": 0.209424, ""prior_score"": 0.0, ""combined_score"": 0.111865}, {""rank"": 6, ""node_id"": 422, ""node_type"": ""ROOM"", ""description"": ""422호 강의실"", ""anchor_room"": null, ""room_range"": null, ""clip_score"": 0.027917, ""ocr_score"": 0.0, ""geo_score"": 0.191176, ""prior_score"": 0.0, ""combined_score"": 0.104388}, {""rank"": 7, ""node_id"": 419, ""node_type"": ""ROOM"", ""description"": ""419호 강의실"", ""anchor_room"": null, ""room_range"": null, ""clip_score"": 0.027777, ""ocr_score"": 0.0, ""geo_score"": 0.16, ""prior_score"": 0.0, ""combined_score"": 0.091777}, {""rank"": 8, ""node_id"": 420, ""node_type"": ""ROOM"", ""description"": ""420호 강의실"", ""anchor_room"": null, ""room_range"": null, ""clip_score"": 0.026406, ""ocr_score"": 0.0, ""geo_score"": 0.15625, ""prior_score"": 0.0, ""combined_score"": 0.088906}, {""rank"": 9, ""node_id"": 421, ""node_type"": ""ROOM"", ""description"": ""421호 강의실"", ""anchor_room"": null, ""room_range"": null, ""clip_score"": 0.028287, ""ocr_score"": 0.0, ""geo_score"": 0.140351, ""prior_score"": 0.0, ""combined_score"": 0.084427}, {""rank"": 10, ""node_id"": 4170, ""node_type"": ""STUDY"", ""description"": ""아라테크네 학습공간 입구"", ""anchor_room"": null, ""room_range"": null, ""clip_score"": 0.038186, ""ocr_score"": 0.0, ""geo_score"": 0.1, ""prior_score"": 0.0, ""combined_score"": 0.078186}]",
benchmarks\room_test_60deg\428_R.jpg,428_R.jpg,428,R,,429,0.998125,0,0,0,,0.0,1,1,1,"428,429",[],"[429, 4170, 420, 427, 419]",10,10,"[{""rank"": 1, ""node_id"": 429, ""node_type"": ""ROOM"", ""description"": ""429호 강의실"", ""anchor_room"": null, ""room_range"": null, ""clip_score"": 0.019706, ""ocr_score"": 0.6, ""geo_score"": 0.150862, ""prior_score"": 0.0, ""combined_score"": 0.560051}, {""rank"": 2, ""node_id"": 4170, ""node_type"": ""STUDY"", ""description"": ""아라테크네 학습공간 입구"", ""anchor_room"": null, ""room_range"": null, ""clip_score"": 0.029036, ""ocr_score"": 0.0, ""geo_score"": 0.515837, ""prior_score"": 0.0, ""combined_score"": 0.23537}, {""rank"": 3, ""node_id"": 420, ""node_type"": ""ROOM"", ""description"": ""420호 강의실"", ""anchor_room"": null, ""room_range"": null, ""clip_score"": 0.018616, ""ocr_score"": 0.0, ""geo_score"": 0.244275, ""prior_score"": 0.0, ""combined_score"": 0.116326}, {""rank"": 4, ""node_id"": 427, ""node_type"": ""ROOM"", ""description"": ""427호 강의실"", ""anchor_room"": null, ""room_range"": null, ""clip_score"": 0.019613, ""ocr_score"": 0.0, ""geo_score"": 0.23494, ""prior_score"": 0.0, ""combined_score"": 0.113589}, {""rank"": 5, ""node_id"": 419, ""node_type"": ""ROOM"", ""description"": ""419호 강의실"", ""anchor_room"": null, ""room_range"": null, ""clip_score"": 0.014888, ""ocr_score"": 0.0, ""geo_score"": 0.202381, ""prior_score"": 0.0, ""combined_score"": 0.09584}, {""rank"": 6, ""node_id"": 421, ""node_type"": ""ROOM"", ""description"": ""421호 강의실"", ""anchor_room"": null, ""room_range"": null, ""clip_score"": 0.024197, ""ocr_score"": 0.0, ""geo_score"": 0.178862, ""prior_score"": 0.0, ""combined_score"": 0.095741}, {""rank"": 7, ""node_id"": 422, ""node_type"": ""ROOM"", ""description"": ""422호 강의실"", ""anchor_room"": null, ""room_range"": null, ""clip_score"": 0.017462, ""ocr_score"": 0.0, ""geo_score"": 0.162338, ""prior_score"": 0.0, ""combined_score"": 0.082397}, {""rank"": 8, ""node_id"": 430, ""node_type"": ""ROOM"", ""description"": ""430호 강의실"", ""anchor_room"": null, ""room_range"": null, ""clip_score"": 0.017248, ""ocr_score"": 0.0, ""geo_score"": 0.130719, ""prior_score"": 0.0, ""combined_score"": 0.069535}, {""rank"": 9, ""node_id"": 431, ""node_type"": ""ROOM"", ""description"": ""431호 강의실"", ""anchor_room"": null, ""room_range"": null, ""clip_score"": 0.022724, ""ocr_score"": 0.0, ""geo_score"": 0.103093, ""prior_score"": 0.0, ""combined_score"": 0.063962}, {""rank"": 10, ""node_id"": 4103, ""node_type"": ""CORRIDOR"", ""description"": ""4층 412~425 앞 복도(우측 세로 복도)"", ""anchor_room"": null, ""room_range"": ""412-425"", ""clip_score"": 0.018574, ""ocr_score"": 0.0, ""geo_score"": 0.077778, ""prior_score"": 0.0, ""combined_score"": 0.049685}]",
benchmarks\room_test_60deg\429_L.jpg,429_L.jpg,429,L,,428,0.340066,0,0,0,,0.0,1,1,1,420,[],"[428, 430, 427, 431, 406]",10,10,"[{""rank"": 1, ""node_id"": 428, ""node_type"": ""ROOM"", ""description"": ""428호 강의실"", ""anchor_room"": null, ""room_range"": null, ""clip_score"": 0.015379, ""ocr_score"": 0.0, ""geo_score"": 0.328358, ""prior_score"": 0.0, ""combined_score"": 0.146723}, {""rank"": 2, ""node_id"": 430, ""node_type"": ""ROOM"", ""description"": ""430호 강의실"", ""anchor_room"": null, ""room_range"": null, ""clip_score"": 0.015586, ""ocr_score"": 0.0, ""geo_score"": 0.251908, ""prior_score"": 0.0, ""combined_score"": 0.116349}, {""rank"": 3, ""node_id"": 427, ""node_type"": ""ROOM"", ""description"": ""427호 강의실"", ""anchor_room"": null, ""room_range"": null, ""clip_score"": 0.024114, ""ocr_score"": 0.0, ""geo_score"": 0.22695, ""prior_score"": 0.0, ""combined_score"": 0.114894}, {""rank"": 4, ""node_id"": 431, ""node_type"": ""ROOM"", ""description"": ""431호 강의실"", ""anchor_room"": null, ""room_range"": null, ""clip_score"": 0.01983, ""ocr_score"": 0.0, ""geo_score"": 0.220339, ""prior_score"": 0.0, ""combined_score"": 0.107966}, {""rank"": 5, ""node_id"": 406, ""node_type"": ""ROOM"", ""description"": ""406호 강의실"", ""anchor_room"": null, ""room_range"": null, ""clip_score"": 0.015395, ""ocr_score"": 0.0, ""geo_score"": 0.215686, ""prior_score"": 0.0, ""combined_score"": 0.10167}, {""rank"": 6, ""node_id"": 421, ""node_type"": ""ROOM"", ""description"": ""421호 강의실"", ""anchor_room"": null, ""room_range"": null, ""clip_score"": 0.016692, ""ocr_score"": 0.0, ""geo_score"": 0.157303, ""prior_score"": 0.0, ""combined_score"": 0.079614}, {""rank"": 7, ""node_id"": 4170, ""node_type"": ""STUDY"", ""description"": ""아라테크네 학습공간 입구"", ""anchor_room"": null, ""room_range"": null, ""clip_score"": 0.019658, ""ocr_score"": 0.0, ""geo_score"": 0.128571, ""prior_score"": 0.0, ""combined_score"": 0.071087}, {""rank"": 8, ""node_id"": 422, ""node_type"": ""ROOM"", ""description"": ""422호 강의실"", ""anchor_room"": null, ""room_range"": null, ""clip_score"": 0.01429, ""ocr_score"": 0.0, ""geo_score"": 0.119266, ""prior_score"": 0.0, ""combined_score"": 0.061997}, {""rank"": 9, ""node_id"": 408, ""node_type"": ""ROOM"", ""description"": ""408호 강의실"", ""anchor_room"": null, ""room_range"": null, ""clip_score"": 0.018293, ""ocr_score"": 0.0, ""geo_score"": 0.103448, ""prior_score"": 0.0, ""combined_score"": 0.059672}, {""rank"": 10, ""node_id"": 4180, ""node_type"": ""ROOM"", ""description"": ""KE SW 아카데미 행정실"", ""anchor_room"": null, ""room_range"": null, ""clip_score"": 0.013674, ""ocr_score"": 0.0, ""geo_score"": 0.089744, ""prior_score"": 0.0, ""combined_score"": 0.049572}]",
benchmarks\room_test_60deg\429_R.jpg,429_R.jpg,429,R,,429,0.999846,1,1,1,1,1.0,0,1,1,429,[],"[429, 427, 430, 422, 4103]",10,10,"[{""rank"": 1, ""node_id"": 429, ""node_type"": ""ROOM"", ""description"": ""429호 강의실"", ""anchor_room"": null, ""room_range"": null, ""clip_score"": -0.009302, ""ocr_score"": 0.6, ""geo_score"": 0.381995, ""prior_score"": 0.0, ""combined_score"": 0.623496}, {""rank"": 2, ""node_id"": 427, ""node_type"": ""ROOM"", ""description"": ""427호 강의실"", ""anchor_room"": null, ""room_range"": null, ""clip_score"": -0.004047, ""ocr_score"": 0.0, ""geo_score"": 0.327869, ""prior_score"": 0.0, ""combined_score"": 0.127101}, {""rank"": 3, ""node_id"": 430, ""node_type"": ""ROOM"", ""description"": ""430호 강의실"", ""anchor_room"": null, ""room_range"": null, ""clip_score"": -0.006639, ""ocr_score"": 0.0, ""geo_score"": 0.303571, ""prior_score"": 0.0, ""combined_score"": 0.11479}, {""rank"": 4, ""node_id"": 422, ""node_type"": ""ROOM"", ""description"": ""422호 강의실"", ""anchor_room"": null, ""room_range"": null, ""clip_score"": -0.008546, ""ocr_score"": 0.0, ""geo_score"": 0.29661, ""prior_score"": 0.0, ""combined_score"": 0.110098}, {""rank"": 5, ""node_id"": 4103, ""node_type"": ""CORRIDOR"", ""description"": ""4층 412~425 앞 복도(우측 세로 복도)"", ""anchor_room"": null, ""room_range"": ""412-425"", ""clip_score"": -0.008076, ""ocr_score"": 0.0, ""geo_score"": 0.285714, ""prior_score"": 0.0, ""combined_score"": 0.10621}, {""rank"": 6, ""node_id"": 419, ""node_type"": ""ROOM"", ""description"": ""419호 강의실"", ""anchor_room"": null, ""room_range"": null, ""clip_score"": -0.009216, ""ocr_score"": 0.0, ""geo_score"": 0.266667, ""prior_score"": 0.0, ""combined_score"": 0.097451}, {""rank"": 7, ""node_id"": 420, ""node_type"": ""ROOM"", ""description"": ""420호 강의실"", ""anchor_room"": null, ""room_range"": null, ""clip_score"": -0.008783, ""ocr_score"": 0.0, ""geo_score"": 0.255814, ""prior_score"": 0.0, ""combined_score"": 0.093543}, {""rank"": 8, ""node_id"": 421, ""node_type"": ""ROOM"", ""description"": ""421호 강의실"", ""anchor_room"": null, ""room_range"": null, ""clip_score"": -0.00223, ""ocr_score"": 0.0, ""geo_score"": 0.220588, ""prior_score"": 0.0, ""combined_score"": 0.086006}, {""rank"": 9, ""node_id"": 431, ""node_type"": ""ROOM"", ""description"": ""431호 강의실"", ""anchor_room"": null, ""room_range"": null, ""clip_score"": -0.001822, ""ocr_score"": 0.0, ""geo_score"": 0.170616, ""prior_score"": 0.0, ""combined_score"": 0.066425}, {""rank"": 10, ""node_id"": 4170, ""node_type"": ""STUDY"", ""description"": ""아라테크네 학습공간 입구"", ""anchor_room"": null, ""room_range"": null, ""clip_score"": 0.013327, ""ocr_score"": 0.0, ""geo_score"": 0.102041, ""prior_score"": 0.0, ""combined_score"": 0.054143}]",
benchmarks\room_test_60deg\430_L.jpg,430_L.jpg,430,L,,430,0.532104,1,1,1,1,1.0,0,1,1,,[],"[430, 4170, 431, 427, 428]",10,10,"[{""rank"": 1, ""node_id"": 430, ""node_type"": ""ROOM"", ""description"": ""430호 강의실"", ""anchor_room"": null, ""room_range"": null, ""clip_score"": 0.027094, ""ocr_score"": 0.0, ""geo_score"": 0.519126, ""prior_score"": 0.0, ""combined_score"": 0.234744}, {""rank"": 2, ""node_id"": 4170, ""node_type"": ""STUDY"", ""description"": ""아라테크네 학습공간 입구"", ""anchor_room"": null, ""room_range"": null, ""clip_score"": 0.039503, ""ocr_score"": 0.0, ""geo_score"": 0.333333, ""prior_score"": 0.0, ""combined_score"": 0.172837}, {""rank"": 3, ""node_id"": 431, ""node_type"": ""ROOM"", ""description"": ""431호 강의실"", ""anchor_room"": null, ""room_range"": null, ""clip_score"": 0.031476, ""ocr_score"": 0.0, ""geo_score"": 0.350877, ""prior_score"": 0.0, ""combined_score"": 0.171827}, {""rank"": 4, ""node_id"": 427, ""node_type"": ""ROOM"", ""description"": ""427호 강의실"", ""anchor_room"": null, ""room_range"": null, ""clip_score"": 0.037272, ""ocr_score"": 0.0, ""geo_score"": 0.272727, ""prior_score"": 0.0, ""combined_score"": 0.146363}, {""rank"": 5, ""node_id"": 428, ""node_type"": ""ROOM"", ""description"": ""428호 강의실"", ""anchor_room"": null, ""room_range"": null, ""clip_score"": 0.02731, ""ocr_score"": 0.0, ""geo_score"": 0.267857, ""prior_score"": 0.0, ""combined_score"": 0.134453}, {""rank"": 6, ""node_id"": 421, ""node_type"": ""ROOM"", ""description"": ""421호 강의실"", ""anchor_room"": null, ""room_range"": null, ""clip_score"": 0.0273, ""ocr_score"": 0.0, ""geo_score"": 0.255319, ""prior_score"": 0.0, ""combined_score"": 0.129427}, {""rank"": 7, ""node_id"": 4201, ""node_type"": ""INTERSECTION"", ""description"": ""북서 교차점(401/434 인근, 복도1-복도2 상단 연결)"", ""anchor_room"": null, ""room_range"": null, ""clip_score"": 0.026151, ""ocr_score"": 0.0, ""geo_score"": 0.25, ""prior_score"": 0.0, ""combined_score"": 0.126151}, {""rank"": 8, ""node_id"": 408, ""node_type"": ""ROOM"", ""description"": ""408호 강의실"", ""anchor_room"": null, ""room_range"": null, ""clip_score"": 0.0308, ""ocr_score"": 0.0, ""geo_score"": 0.2, ""prior_score"": 0.0, ""combined_score"": 0.1108}, {""rank"": 9, ""node_id"": 422, ""node_type"": ""ROOM"", ""description"": ""422호 강의실"", ""anchor_room"": null, ""room_range"": null, ""clip_score"": 0.027713, ""ocr_score"": 0.0, ""geo_score"": 0.189655, ""prior_score"": 0.0, ""combined_score"": 0.103575}, {""rank"": 10, ""node_id"": 419, ""node_type"": ""ROOM"", ""description"": ""419호 강의실"", ""anchor_room"": null, ""room_range"": null, ""clip_score"": 0.027003, ""ocr_score"": 0.0, ""geo_score"": 0.184211, ""prior_score"": 0.0, ""combined_score"": 0.100688}]",
benchmarks\room_test_60deg\430_R.jpg,430_R.jpg,430,R,,430,0.99978,1,1,1,1,1.0,0,1,1,430,[],"[430, 429, 4170, 4101, 431]",10,10,"[{""rank"": 1, ""node_id"": 430, ""node_type"": ""ROOM"", ""description"": ""430호 강의실"", ""anchor_room"": null, ""room_range"": null, ""clip_score"": -0.0034, ""ocr_score"": 0.6, ""geo_score"": 0.237219, ""prior_score"": 0.0, ""combined_score"": 0.571487}, {""rank"": 2, ""node_id"": 429, ""node_type"": ""ROOM"", ""description"": ""429호 강의실"", ""anchor_room"": null, ""room_range"": null, ""clip_score"": -0.003077, ""ocr_score"": 0.0, ""geo_score"": 0.22619, ""prior_score"": 0.0, ""combined_score"": 0.087399}, {""rank"": 3, ""node_id"": 4170, ""node_type"": ""STUDY"", ""description"": ""아라테크네 학습공간 입구"", ""anchor_room"": null, ""room_range"": null, ""clip_score"": 0.013325, ""ocr_score"": 0.0, ""geo_score"": 0.179245, ""prior_score"": 0.0, ""combined_score"": 0.085024}, {""rank"": 4, ""node_id"": 4101, ""node_type"": ""CORRIDOR"", ""description"": ""4층 407~411 앞 복도"", ""anchor_room"": null, ""room_range"": ""407-411"", ""clip_score"": 0.001953, ""ocr_score"": 0.0, ""geo_score"": 0.191011, ""prior_score"": 0.0, ""combined_score"": 0.078357}, {""rank"": 5, ""node_id"": 431, ""node_type"": ""ROOM"", ""description"": ""431호 강의실"", ""anchor_room"": null, ""room_range"": null, ""clip_score"": -9e-06, ""ocr_score"": 0.0, ""geo_score"": 0.179612, ""prior_score"": 0.0, ""combined_score"": 0.071835}, {""rank"": 6, ""node_id"": 421, ""node_type"": ""ROOM"", ""description"": ""421호 강의실"", ""anchor_room"": null, ""room_range"": null, ""clip_score"": -0.001225, ""ocr_score"": 0.0, ""geo_score"": 0.156028, ""prior_score"": 0.0, ""combined_score"": 0.061187}, {""rank"": 7, ""node_id"": 427, ""node_type"": ""ROOM"", ""description"": ""427호 강의실"", ""anchor_room"": null, ""room_range"": null, ""clip_score"": -0.002464, ""ocr_score"": 0.0, ""geo_score"": 0.137441, ""prior_score"": 0.0, ""combined_score"": 0.052512}, {""rank"": 8, ""node_id"": 4103, ""node_type"": ""CORRIDOR"", ""description"": ""4층 412~425 앞 복도(우측 세로 복도)"", ""anchor_room"": null, ""room_range"": ""412-425"", ""clip_score"": 0.011036, ""ocr_score"": 0.0, ""geo_score"": 0.093023, ""prior_score"": 0.0, ""combined_score"": 0.048245}, {""rank"": 9, ""node_id"": 422, ""node_type"": ""ROOM"", ""description"": ""422호 강의실"", ""anchor_room"": null, ""room_range"": null, ""clip_score"": -0.004112, ""ocr_score"": 0.0, ""geo_score"": 0.118421, ""prior_score"": 0.0, ""combined_score"": 0.043257}, {""rank"": 10, ""node_id"": 4201, ""node_type"": ""INTERSECTION"", ""description"": ""북서 교차점(401/434 인근, 복도1-복도2 상단 연결)"", ""anchor_room"": null, ""room_range"": null, ""clip_score"": 0.000611, ""ocr_score"": 0.0, ""geo_score"": 0.104651, ""prior_score"": 0.0, ""combined_score"": 0.042471}]",
benchmarks\room_test_60deg\431_L.jpg,431_L.jpg,431,L,,431,0.999926,1,1,1,1,1.0,0,1,1,431,[],"[431, 430, 427, 428, 429]",10,10,"[{""rank"": 1, ""node_id"": 431, ""node_type"": ""ROOM"", ""description"": ""431호 강의실"", ""anchor_room"": null, ""room_range"": null, ""clip_score"": 0.035747, ""ocr_score"": 0.6, ""geo_score"": 0.411215, ""prior_score"": 0.0, ""combined_score"": 0.680233}, {""rank"": 2, ""node_id"": 430, ""node_type"": ""ROOM"", ""description"": ""430호 강의실"", ""anchor_room"": null, ""room_range"": null, ""clip_score"": 0.030228, ""ocr_score"": 0.0, ""geo_score"": 0.310345, ""prior_score"": 0.0, ""combined_score"": 0.154366}, {""rank"": 3, ""node_id"": 427, ""node_type"": ""ROOM"", ""description"": ""427호 강의실"", ""anchor_room"": null, ""room_range"": null, ""clip_score"": 0.038715, ""ocr_score"": 0.0, ""geo_score"": 0.259615, ""prior_score"": 0.0, ""combined_score"": 0.142561}, {""rank"": 4, ""node_id"": 428, ""node_type"": ""ROOM"", ""description"": ""428호 강의실"", ""anchor_room"": null, ""room_range"": null, ""clip_score"": 0.029529, ""ocr_score"": 0.0, ""geo_score"": 0.234177, ""prior_score"": 0.0, ""combined_score"": 0.123199}, {""rank"": 5, ""node_id"": 429, ""node_type"": ""ROOM"", ""description"": ""429호 강의실"", ""anchor_room"": null, ""room_range"": null, ""clip_score"": 0.027745, ""ocr_score"": 0.0, ""geo_score"": 0.208633, ""prior_score"": 0.0, ""combined_score"": 0.111198}, {""rank"": 6, ""node_id"": 4170, ""node_type"": ""STUDY"", ""description"": ""아라테크네 학습공간 입구"", ""anchor_room"": null, ""room_range"": null, ""clip_score"": 0.041929, ""ocr_score"": 0.0, ""geo_score"": 0.170732, ""prior_score"": 0.0, ""combined_score"": 0.110221}, {""rank"": 7, ""node_id"": 408, ""node_type"": ""ROOM"", ""description"": ""408호 강의실"", ""anchor_room"": null, ""room_range"": null, ""clip_score"": 0.030234, ""ocr_score"": 0.0, ""geo_score"": 0.189189, ""prior_score"": 0.0, ""combined_score"": 0.10591}, {""rank"": 8, ""node_id"": 421, ""node_type"": ""ROOM"", ""description"": ""421호 강의실"", ""anchor_room"": null, ""room_range"": null, ""clip_score"": 0.029576, ""ocr_score"": 0.0, ""geo_score"": 0.189189, ""prior_score"": 0.0, ""combined_score"": 0.105252}, {""rank"": 9, ""node_id"": 422, ""node_type"": ""ROOM"", ""description"": ""422호 강의실"", ""anchor_room"": null, ""room_range"": null, ""clip_score"": 0.031853, ""ocr_score"": 0.0, ""geo_score"": 0.179487, ""prior_score"": 0.0, ""combined_score"": 0.103648}, {""rank"": 10, ""node_id"": 419, ""node_type"": ""ROOM"", ""description"": ""419호 강의실"", ""anchor_room"": null, ""room_range"": null, ""clip_score"": 0.030886, ""ocr_score"": 0.0, ""geo_score"": 0.161765, ""prior_score"": 0.0, ""combined_score"": 0.095592}]",
benchmarks\room_test_60deg\431_R.jpg,431_R.jpg,431,R,,431,0.999679,1,1,1,1,1.0,0,1,1,431,[],"[431, 430, 422, 4170, 421]",10,10,"[{""rank"": 1, ""node_id"": 431, ""node_type"": ""ROOM"", ""description"": ""431호 강의실"", ""anchor_room"": null, ""room_range"": null, ""clip_score"": 0.003789, ""ocr_score"": 0.6, ""geo_score"": 0.273038, ""prior_score"": 0.0, ""combined_score"": 0.593004}, {""rank"": 2, ""node_id"": 430, ""node_type"": ""ROOM"", ""description"": ""430호 강의실"", ""anchor_room"": null, ""room_range"": null, ""clip_score"": 0.000413, ""ocr_score"": 0.0, ""geo_score"": 0.4, ""prior_score"": 0.0, ""combined_score"": 0.160413}, {""rank"": 3, ""node_id"": 422, ""node_type"": ""ROOM"", ""description"": ""422호 강의실"", ""anchor_room"": null, ""room_range"": null, ""clip_score"": -0.000424, ""ocr_score"": 0.0, ""geo_score"": 0.28125, ""prior_score"": 0.0, ""combined_score"": 0.112076}, {""rank"": 4, ""node_id"": 4170, ""node_type"": ""STUDY"", ""description"": ""아라테크네 학습공간 입구"", ""anchor_room"": null, ""room_range"": null, ""clip_score"": 0.009661, ""ocr_score"": 0.0, ""geo_score"": 0.2, ""prior_score"": 0.0, ""combined_score"": 0.089661}, {""rank"": 5, ""node_id"": 421, ""node_type"": ""ROOM"", ""description"": ""421호 강의실"", ""anchor_room"": null, ""room_range"": null, ""clip_score"": 0.003598, ""ocr_score"": 0.0, ""geo_score"": 0.2, ""prior_score"": 0.0, ""combined_score"": 0.083598}, {""rank"": 6, ""node_id"": 419, ""node_type"": ""ROOM"", ""description"": ""419호 강의실"", ""anchor_room"": null, ""room_range"": null, ""clip_score"": -0.001502, ""ocr_score"": 0.0, ""geo_score"": 0.208333, ""prior_score"": 0.0, ""combined_score"": 0.081832}, {""rank"": 7, ""node_id"": 427, ""node_type"": ""ROOM"", ""description"": ""427호 강의실"", ""anchor_room"": null, ""room_range"": null, ""clip_score"": 0.003501, ""ocr_score"": 0.0, ""geo_score"": 0.1875, ""prior_score"": 0.0, ""combined_score"": 0.078501}, {""rank"": 8, ""node_id"": 420, ""node_type"": ""ROOM"", ""description"": ""420호 강의실"", ""anchor_room"": null, ""room_range"": null, ""clip_score"": -0.00082, ""ocr_score"": 0.0, ""geo_score"": 0.192982, ""prior_score"": 0.0, ""combined_score"": 0.076373}, {""rank"": 9, ""node_id"": 4103, ""node_type"": ""CORRIDOR"", ""description"": ""4층 412~425 앞 복도(우측 세로 복도)"", ""anchor_room"": null, ""room_range"": ""412-425"", ""clip_score"": -0.00168, ""ocr_score"": 0.0, ""geo_score"": 0.16129, ""prior_score"": 0.0, ""combined_score"": 0.062837}, {""rank"": 10, ""node_id"": 423, ""node_type"": ""ROOM"", ""description"": ""423호 강의실"", ""anchor_room"": null, ""room_range"": null, ""clip_score"": -0.002332, ""ocr_score"": 0.0, ""geo_score"": 0.097087, ""prior_score"": 0.0, ""combined_score"": 0.036503}]",
benchmarks\room_test_60deg\432_L.jpg,432_L.jpg,432,L,,427,0.226197,0,0,0,,0.0,2,0,1,,[],"[427, 431, 419, 430, 428]",10,10,"[{""rank"": 1, ""node_id"": 427, ""node_type"": ""ROOM"", ""description"": ""427호 강의실"", ""anchor_room"": null, ""room_range"": null, ""clip_score"": 0.036602, ""ocr_score"": 0.0, ""geo_score"": 0.179487, ""prior_score"": 0.0, ""combined_score"": 0.108397}, {""rank"": 2, ""node_id"": 431, ""node_type"": ""ROOM"", ""description"": ""431호 강의실"", ""anchor_room"": null, ""room_range"": null, ""clip_score"": 0.033415, ""ocr_score"": 0.0, ""geo_score"": 0.175439, ""prior_score"": 0.0, ""combined_score"": 0.103591}, {""rank"": 3, ""node_id"": 419, ""node_type"": ""ROOM"", ""description"": ""419호 강의실"", ""anchor_room"": null, ""room_range"": null, ""clip_score"": 0.02672, ""ocr_score"": 0.0, ""geo_score"": 0.186441, ""prior_score"": 0.0, ""combined_score"": 0.101296}, {""rank"": 4, ""node_id"": 430, ""node_type"": ""ROOM"", ""description"": ""430호 강의실"", ""anchor_room"": null, ""room_range"": null, ""clip_score"": 0.027626, ""ocr_score"": 0.0, ""geo_score"": 0.180451, ""prior_score"": 0.0, ""combined_score"": 0.099807}, {""rank"": 5, ""node_id"": 428, ""node_type"": ""ROOM"", ""description"": ""428호 강의실"", ""anchor_room"": null, ""room_range"": null, ""clip_score"": 0.024954, ""ocr_score"": 0.0, ""geo_score"": 0.181159, ""prior_score"": 0.0, ""combined_score"": 0.097417}, {""rank"": 6, ""node_id"": 4170, ""node_type"": ""STUDY"", ""description"": ""아라테크네 학습공간 입구"", ""anchor_room"": null, ""room_range"": null, ""clip_score"": 0.0322, ""ocr_score"": 0.0, ""geo_score"": 0.115942, ""prior_score"": 0.0, ""combined_score"": 0.078577}, {""rank"": 7, ""node_id"": 429, ""node_type"": ""ROOM"", ""description"": ""429호 강의실"", ""anchor_room"": null, ""room_range"": null, ""clip_score"": 0.027451, ""ocr_score"": 0.0, ""geo_score"": 0.125, ""prior_score"": 0.0, ""combined_score"": 0.077451}, {""rank"": 8, ""node_id"": 421, ""node_type"": ""ROOM"", ""description"": ""421호 강의실"", ""anchor_room"": null, ""room_range"": null, ""clip_score"": 0.026801, ""ocr_score"": 0.0, ""geo_score"": 0.125, ""prior_score"": 0.0, ""combined_score"": 0.076801}, {""rank"": 9, ""node_id"": 422, ""node_type"": ""ROOM"", ""description"": ""422호 강의실"", ""anchor_room"": null, ""room_range"": null, ""clip_score"": 0.028725, ""ocr_score"": 0.0, ""geo_score"": 0.117647, ""prior_score"": 0.0, ""combined_score"": 0.075784}, {""rank"": 10, ""node_id"": 420, ""node_type"": ""ROOM"", ""description"": ""420호 강의실"", ""anchor_room"": null, ""room_range"": null, ""clip_score"": 0.02476, ""ocr_score"": 0.0, ""geo_score"": 0.127273, ""prior_score"": 0.0, ""combined_score"": 0.075669}]",
benchmarks\room_test_60deg\432_R.jpg,432_R.jpg,432,R,,430,0.253542,0,0,0,,0.0,2,0,1,432,[],"[430, 431, 429, 4170, 427]",10,10,"[{""rank"": 1, ""node_id"": 430, ""node_type"": ""ROOM"", ""description"": ""430호 강의실"", ""anchor_room"": null, ""room_range"": null, ""clip_score"": 0.000458, ""ocr_score"": 0.0, ""geo_score"": 0.226244, ""prior_score"": 0.0, ""combined_score"": 0.090956}, {""rank"": 2, ""node_id"": 431, ""node_type"": ""ROOM"", ""description"": ""431호 강의실"", ""anchor_room"": null, ""room_range"": null, ""clip_score"": 0.004633, ""ocr_score"": 0.0, ""geo_score"": 0.21371, ""prior_score"": 0.0, ""combined_score"": 0.090117}, {""rank"": 3, ""node_id"": 429, ""node_type"": ""ROOM"", ""description"": ""429호 강의실"", ""anchor_room"": null, ""room_range"": null, ""clip_score"": 0.00143, ""ocr_score"": 0.0, ""geo_score"": 0.217391, ""prior_score"": 0.0, ""combined_score"": 0.088386}, {""rank"": 4, ""node_id"": 4170, ""node_type"": ""STUDY"", ""description"": ""아라테크네 학습공간 입구"", ""anchor_room"": null, ""room_range"": null, ""clip_score"": 0.007526, ""ocr_score"": 0.0, ""geo_score"": 0.129032, ""prior_score"": 0.0, ""combined_score"": 0.059139}, {""rank"": 5, ""node_id"": 427, ""node_type"": ""ROOM"", ""description"": ""427호 강의실"", ""anchor_room"": null, ""room_range"": null, ""clip_score"": 0.003048, ""ocr_score"": 0.0, ""geo_score"": 0.12844, ""prior_score"": 0.0, ""combined_score"": 0.054424}, {""rank"": 6, ""node_id"": 422, ""node_type"": ""ROOM"", ""description"": ""422호 강의실"", ""anchor_room"": null, ""room_range"": null, ""clip_score"": -3.3e-05, ""ocr_score"": 0.0, ""geo_score"": 0.124088, ""prior_score"": 0.0, ""combined_score"": 0.049602}, {""rank"": 7, ""node_id"": 419, ""node_type"": ""ROOM"", ""description"": ""419호 강의실"", ""anchor_room"": null, ""room_range"": null, ""clip_score"": -0.000819, ""ocr_score"": 0.0, ""geo_score"": 0.121387, ""prior_score"": 0.0, ""combined_score"": 0.047736}, {""rank"": 8, ""node_id"": 421, ""node_type"": ""ROOM"", ""description"": ""421호 강의실"", ""anchor_room"": null, ""room_range"": null, ""clip_score"": 0.004334, ""ocr_score"": 0.0, ""geo_score"": 0.10274, ""prior_score"": 0.0, ""combined_score"": 0.04543}, {""rank"": 9, ""node_id"": 420, ""node_type"": ""ROOM"", ""description"": ""420호 강의실"", ""anchor_room"": null, ""room_range"": null, ""clip_score"": -0.000943, ""ocr_score"": 0.0, ""geo_score"": 0.104167, ""prior_score"": 0.0, ""combined_score"": 0.040724}, {""rank"": 10, ""node_id"": 4103, ""node_type"": ""CORRIDOR"", ""description"": ""4층 412~425 앞 복도(우측 세로 복도)"", ""anchor_room"": null, ""room_range"": ""412-425"", ""clip_score"": 0.006868, ""ocr_score"": 0.0, ""geo_score"": 0.082474, ""prior_score"": 0.0, ""combined_score"": 0.039858}]",
benchmarks\room_test_60deg\433_L.jpg,433_L.jpg,433,L,,419,0.22313,0,0,0,,0.0,4,0,0,,[],"[419, 431, 430, 4170, 427]",10,10,"[{""rank"": 1, ""node_id"": 419, ""node_type"": ""ROOM"", ""description"": ""419호 강의실"", ""anchor_room"": null, ""room_range"": null, ""clip_score"": 0.020766, ""ocr_score"": 0.0, ""geo_score"": 0.202532, ""prior_score"": 0.0, ""combined_score"": 0.101779}, {""rank"": 2, ""node_id"": 431, ""node_type"": ""ROOM"", ""description"": ""431호 강의실"", ""anchor_room"": null, ""room_range"": null, ""clip_score"": 0.027387, ""ocr_score"": 0.0, ""geo_score"": 0.179245, ""prior_score"": 0.0, ""combined_score"": 0.099085}, {""rank"": 3, ""node_id"": 430, ""node_type"": ""ROOM"", ""description"": ""430호 강의실"", ""anchor_room"": null, ""room_range"": null, ""clip_score"": 0.022058, ""ocr_score"": 0.0, ""geo_score"": 0.188235, ""prior_score"": 0.0, ""combined_score"": 0.097352}, {""rank"": 4, ""node_id"": 4170, ""node_type"": ""STUDY"", ""description"": ""아라테크네 학습공간 입구"", ""anchor_room"": null, ""room_range"": null, ""clip_score"": 0.03213, ""ocr_score"": 0.0, ""geo_score"": 0.15625, ""prior_score"": 0.0, ""combined_score"": 0.09463}, {""rank"": 5, ""node_id"": 427, ""node_type"": ""ROOM"", ""description"": ""427호 강의실"", ""anchor_room"": null, ""room_range"": null, ""clip_score"": 0.028712, ""ocr_score"": 0.0, ""geo_score"": 0.147059, ""prior_score"": 0.0, ""combined_score"": 0.087535}, {""rank"": 6, ""node_id"": 429, ""node_type"": ""ROOM"", ""description"": ""429호 강의실"", ""anchor_room"": null, ""room_range"": null, ""clip_score"": 0.021306, ""ocr_score"": 0.0, ""geo_score"": 0.164835, ""prior_score"": 0.0, ""combined_score"": 0.08724}, {""rank"": 7, ""node_id"": 408, ""node_type"": ""ROOM"", ""description"": ""408호 강의실"", ""anchor_room"": null, ""room_range"": null, ""clip_score"": 0.023464, ""ocr_score"": 0.0, ""geo_score"": 0.148148, ""prior_score"": 0.0, ""combined_score"": 0.082723}, {""rank"": 8, ""node_id"": 422, ""node_type"": ""ROOM"", ""description"": ""422호 강의실"", ""anchor_room"": null, ""room_range"": null, ""clip_score"": 0.022366, ""ocr_score"": 0.0, ""geo_score"": 0.144928, ""prior_score"": 0.0, ""combined_score"": 0.080337}, {""rank"": 9, ""node_id"": 421, ""node_type"": ""ROOM"", ""description"": ""421호 강의실"", ""anchor_room"": null, ""room_range"": null, ""clip_score"": 0.02368, ""ocr_score"": 0.0, ""geo_score"": 0.135135, ""prior_score"": 0.0, ""combined_score"": 0.077734}, {""rank"": 10, ""node_id"": 4180, ""node_type"": ""ROOM"", ""description"": ""KE SW 아카데미 행정실"", ""anchor_room"": null, ""room_range"": null, ""clip_score"": 0.022328, ""ocr_score"": 0.0, ""geo_score"": 0.125, ""prior_score"": 0.0, ""combined_score"": 0.072328}]",
benchmarks\room_test_60deg\433_R.jpg,433_R.jpg,433,R,,4170,0.220569,0,0,0,,0.0,4,0,0,,[],"[4170, 431, 430, 421, 427]",10,10,"[{""rank"": 1, ""node_id"": 4170, ""node_type"": ""STUDY"", ""description"": ""아라테크네 학습공간 입구"", ""anchor_room"": null, ""room_range"": null, ""clip_score"": -0.002068, ""ocr_score"": 0.0, ""geo_score"": 0.151515, ""prior_score"": 0.0, ""combined_score"": 0.058538}, {""rank"": 2, ""node_id"": 431, ""node_type"": ""ROOM"", ""description"": ""431호 강의실"", ""anchor_room"": null, ""room_range"": null, ""clip_score"": -0.015973, ""ocr_score"": 0.0, ""geo_score"": 0.179612, ""prior_score"": 0.0, ""combined_score"": 0.055872}, {""rank"": 3, ""node_id"": 430, ""node_type"": ""ROOM"", ""description"": ""430호 강의실"", ""anchor_room"": null, ""room_range"": null, ""clip_score"": -0.023324, ""ocr_score"": 0.0, ""geo_score"": 0.189189, ""prior_score"": 0.0, ""combined_score"": 0.052351}, {""rank"": 4, ""node_id"": 421, ""node_type"": ""ROOM"", ""description"": ""421호 강의실"", ""anchor_room"": null, ""room_range"": null, ""clip_score"": -0.024058, ""ocr_score"": 0.0, ""geo_score"": 0.186813, ""prior_score"": 0.0, ""combined_score"": 0.050668}, {""rank"": 5, ""node_id"": 427, ""node_type"": ""ROOM"", ""description"": ""427호 강의실"", ""anchor_room"": null, ""room_range"": null, ""clip_score"": -0.021947, ""ocr_score"": 0.0, ""geo_score"": 0.180556, ""prior_score"": 0.0, ""combined_score"": 0.050275}, {""rank"": 6, ""node_id"": 429, ""node_type"": ""ROOM"", ""description"": ""429호 강의실"", ""anchor_room"": null, ""room_range"": null, ""clip_score"": -0.021754, ""ocr_score"": 0.0, ""geo_score"": 0.177778, ""prior_score"": 0.0, ""combined_score"": 0.049357}, {""rank"": 7, ""node_id"": 4103, ""node_type"": ""CORRIDOR"", ""description"": ""4층 412~425 앞 복도(우측 세로 복도)"", ""anchor_room"": null, ""room_range"": ""412-425"", ""clip_score"": -0.011683, ""ocr_score"": 0.0, ""geo_score"": 0.144737, ""prior_score"": 0.0, ""combined_score"": 0.046212}, {""rank"": 8, ""node_id"": 4201, ""node_type"": ""INTERSECTION"", ""description"": ""북서 교차점(401/434 인근, 복도1-복도2 상단 연결)"", ""anchor_room"": null, ""room_range"": null, ""clip_score"": -0.012222, ""ocr_score"": 0.0, ""geo_score"": 0.145161, ""prior_score"": 0.0, ""combined_score"": 0.045843}, {""rank"": 9, ""node_id"": 4102, ""node_type"": ""CORRIDOR"", ""description"": ""4층 426~435, 401~406 앞 복도(좌측 세로 복도)"", ""anchor_room"": null, ""room_range"": ""401-406;426-435"", ""clip_score"": -0.026451, ""ocr_score"": 0.0, ""geo_score"": 0.174825, ""prior_score"": 0.0, ""combined_score"": 0.043479}, {""rank"": 10, ""node_id"": 4101, ""node_type"": ""CORRIDOR"", ""description"": ""4층 407~411 앞 복도"", ""anchor_room"": null, ""room_range"": ""407-411"", ""clip_score"": -0.018473, ""ocr_score"": 0.0, ""geo_score"": 0.12069, ""prior_score"": 0.0, ""combined_score"": 0.029802}]",
benchmarks\room_test_60deg\434_L.jpg,434_L.jpg,434,L,,427,0.276851,0,0,0,,0.0,2,0,1,,[],"[427, 422, 430, 4201, 431]",10,10,"[{""rank"": 1, ""node_id"": 427, ""node_type"": ""ROOM"", ""description"": ""427호 강의실"", ""anchor_room"": null, ""room_range"": null, ""clip_score"": 0.015258, ""ocr_score"": 0.0, ""geo_score"": 0.290323, ""prior_score"": 0.0, ""combined_score"": 0.131387}, {""rank"": 2, ""node_id"": 422, ""node_type"": ""ROOM"", ""description"": ""422호 강의실"", ""anchor_room"": null, ""room_range"": null, ""clip_score"": 0.009346, ""ocr_score"": 0.0, ""geo_score"": 0.275862, ""prior_score"": 0.0, ""combined_score"": 0.119691}, {""rank"": 3, ""node_id"": 430, ""node_type"": ""ROOM"", ""description"": ""430호 강의실"", ""anchor_room"": null, ""room_range"": null, ""clip_score"": 0.008429, ""ocr_score"": 0.0, ""geo_score"": 0.267606, ""prior_score"": 0.0, ""combined_score"": 0.115471}, {""rank"": 4, ""node_id"": 4201, ""node_type"": ""INTERSECTION"", ""description"": ""북서 교차점(401/434 인근, 복도1-복도2 상단 연결)"", ""anchor_room"": null, ""room_range"": null, ""clip_score"": 0.010448, ""ocr_score"": 0.0, ""geo_score"": 0.230769, ""prior_score"": 0.0, ""combined_score"": 0.102756}, {""rank"": 5, ""node_id"": 431, ""node_type"": ""ROOM"", ""description"": ""431호 강의실"", ""anchor_room"": null, ""room_range"": null, ""clip_score"": 0.017032, ""ocr_score"": 0.0, ""geo_score"": 0.206349, ""prior_score"": 0.0, ""combined_score"": 0.099572}, {""rank"": 6, ""node_id"": 4170, ""node_type"": ""STUDY"", ""description"": ""아라테크네 학습공간 입구"", ""anchor_room"": null, ""room_range"": null, ""clip_score"": 0.027128, ""ocr_score"": 0.0, ""geo_score"": 0.166667, ""prior_score"": 0.0, ""combined_score"": 0.093794}, {""rank"": 7, ""node_id"": 419, ""node_type"": ""ROOM"", ""description"": ""419호 강의실"", ""anchor_room"": null, ""room_range"": null, ""clip_score"": 0.007696, ""ocr_score"": 0.0, ""geo_score"": 0.210526, ""prior_score"": 0.0, ""combined_score"": 0.091906}, {""rank"": 8, ""node_id"": 429, ""node_type"": ""ROOM"", ""description"": ""429호 강의실"", ""anchor_room"": null, ""room_range"": null, ""clip_score"": 0.007242, ""ocr_score"": 0.0, ""geo_score"": 0.194444, ""prior_score"": 0.0, ""combined_score"": 0.08502}, {""rank"": 9, ""node_id"": 4103, ""node_type"": ""CORRIDOR"", ""description"": ""4층 412~425 앞 복도(우측 세로 복도)"", ""anchor_room"": null, ""room_range"": ""412-425"", ""clip_score"": 0.007594, ""ocr_score"": 0.0, ""geo_score"": 0.189189, ""prior_score"": 0.0, ""combined_score"": 0.083269}, {""rank"": 10, ""node_id"": 421, ""node_type"": ""ROOM"", ""description"": ""421호 강의실"", ""anchor_room"": null, ""room_range"": null, ""clip_score"": 0.007812, ""ocr_score"": 0.0, ""geo_score"": 0.175, ""prior_score"": 0.0, ""combined_score"": 0.077812}]",
benchmarks\room_test_60deg\434_R.jpg,434_R.jpg,434,R,,422,0.249072,0,0,0,,0.0,4,0,0,434,[],"[422, 429, 419, 430, 427]",10,10,"[{""rank"": 1, ""node_id"": 422, ""node_type"": ""ROOM"", ""description"": ""422호 강의실"", ""anchor_room"": null, ""room_range"": null, ""clip_score"": -0.002816, ""ocr_score"": 0.0, ""geo_score"": 0.262821, ""prior_score"": 0.0, ""combined_score"": 0.102312}, {""rank"": 2, ""node_id"": 429, ""node_type"": ""ROOM"", ""description"": ""429호 강의실"", ""anchor_room"": null, ""room_range"": null, ""clip_score"": -0.001684, ""ocr_score"": 0.0, ""geo_score"": 0.25, ""prior_score"": 0.0, ""combined_score"": 0.098316}, {""rank"": 3, ""node_id"": 419, ""node_type"": ""ROOM"", ""description"": ""419호 강의실"", ""anchor_room"": null, ""room_range"": null, ""clip_score"": -0.003876, ""ocr_score"": 0.0, ""geo_score"": 0.255, ""prior_score"": 0.0, ""combined_score"": 0.098124}, {""rank"": 4, ""node_id"": 430, ""node_type"": ""ROOM"", ""description"": ""430호 강의실"", ""anchor_room"": null, ""room_range"": null, ""clip_score"": -0.003259, ""ocr_score"": 0.0, ""geo_score"": 0.220183, ""prior_score"": 0.0, ""combined_score"": 0.084815}, {""rank"": 5, ""node_id"": 427, ""node_type"": ""ROOM"", ""description"": ""427호 강의실"", ""anchor_room"": null, ""room_range"": null, ""clip_score"": 7.8e-05, ""ocr_score"": 0.0, ""geo_score"": 0.160494, ""prior_score"": 0.0, ""combined_score"": 0.064275}, {""rank"": 6, ""node_id"": 431, ""node_type"": ""ROOM"", ""description"": ""431호 강의실"", ""anchor_room"": null, ""room_range"": null, ""clip_score"": 0.00162, ""ocr_score"": 0.0, ""geo_score"": 0.148515, ""prior_score"": 0.0, ""combined_score"": 0.061026}, {""rank"": 7, ""node_id"": 4170, ""node_type"": ""STUDY"", ""description"": ""아라테크네 학습공간 입구"", ""anchor_room"": null, ""room_range"": null, ""clip_score"": 0.006132, ""ocr_score"": 0.0, ""geo_score"": 0.12069, ""prior_score"": 0.0, ""combined_score"": 0.054408}, {""rank"": 8, ""node_id"": 421, ""node_type"": ""ROOM"", ""description"": ""421호 강의실"", ""anchor_room"": null, ""room_range"": null, ""clip_score"": 0.001843, ""ocr_score"": 0.0, ""geo_score"": 0.116667, ""prior_score"": 0.0, ""combined_score"": 0.04851}, {""rank"": 9, ""node_id"": 4103, ""node_type"": ""CORRIDOR"", ""description"": ""4층 412~425 앞 복도(우측 세로 복도)"", ""anchor_room"": null, ""room_range"": ""412-425"", ""clip_score"": 0.002408, ""ocr_score"": 0.0, ""geo_score"": 0.097826, ""prior_score"": 0.0, ""combined_score"": 0.041539}, {""rank"": 10, ""node_id"": 420, ""node_type"": ""ROOM"", ""description"": ""420호 강의실"", ""anchor_room"": null, ""room_range"": null, ""clip_score"": -0.004833, ""ocr_score"": 0.0, ""geo_score"": 0.113772, ""prior_score"": 0.0, ""combined_score"": 0.040676}]",
benchmarks\room_test_60deg\435_L.jpg,435_L.jpg,435,L,,430,0.268793,0,0,0,,0.0,2,0,1,"435,4717,4747",[],"[430, 431, 427, 428, 408]",10,10,"[{""rank"": 1, ""node_id"": 430, ""node_type"": ""ROOM"", ""description"": ""430호 강의실"", ""anchor_room"": null, ""room_range"": null, ""clip_score"": 0.038926, ""ocr_score"": 0.0, ""geo_score"": 0.318681, ""prior_score"": 0.0, ""combined_score"": 0.166399}, {""rank"": 2, ""node_id"": 431, ""node_type"": ""ROOM"", ""description"": ""431호 강의실"", ""anchor_room"": null, ""room_range"": null, ""clip_score"": 0.041418, ""ocr_score"": 0.0, ""geo_score"": 0.303922, ""prior_score"": 0.0, ""combined_score"": 0.162987}, {""rank"": 3, ""node_id"": 427, ""node_type"": ""ROOM"", ""description"": ""427호 강의실"", ""anchor_room"": null, ""room_range"": null, ""clip_score"": 0.045509, ""ocr_score"": 0.0, ""geo_score"": 0.2625, ""prior_score"": 0.0, ""combined_score"": 0.150509}, {""rank"": 4, ""node_id"": 428, ""node_type"": ""ROOM"", ""description"": ""428호 강의실"", ""anchor_room"": null, ""room_range"": null, ""clip_score"": 0.038367, ""ocr_score"": 0.0, ""geo_score"": 0.268908, ""prior_score"": 0.0, ""combined_score"": 0.14593}, {""rank"": 5, ""node_id"": 408, ""node_type"": ""ROOM"", ""description"": ""408호 강의실"", ""anchor_room"": null, ""room_range"": null, ""clip_score"": 0.039887, ""ocr_score"": 0.0, ""geo_score"": 0.2, ""prior_score"": 0.0, ""combined_score"": 0.119887}, {""rank"": 6, ""node_id"": 422, ""node_type"": ""ROOM"", ""description"": ""422호 강의실"", ""anchor_room"": null, ""room_range"": null, ""clip_score"": 0.037493, ""ocr_score"": 0.0, ""geo_score"": 0.194805, ""prior_score"": 0.0, ""combined_score"": 0.115415}, {""rank"": 7, ""node_id"": 421, ""node_type"": ""ROOM"", ""description"": ""421호 강의실"", ""anchor_room"": null, ""room_range"": null, ""clip_score"": 0.039052, ""ocr_score"": 0.0, ""geo_score"": 0.181818, ""prior_score"": 0.0, ""combined_score"": 0.111779}, {""rank"": 8, ""node_id"": 429, ""node_type"": ""ROOM"", ""description"": ""429호 강의실"", ""anchor_room"": null, ""room_range"": null, ""clip_score"": 0.035932, ""ocr_score"": 0.0, ""geo_score"": 0.188119, ""prior_score"": 0.0, ""combined_score"": 0.111179}, {""rank"": 9, ""node_id"": 4170, ""node_type"": ""STUDY"", ""description"": ""아라테크네 학습공간 입구"", ""anchor_room"": null, ""room_range"": null, ""clip_score"": 0.049096, ""ocr_score"": 0.0, ""geo_score"": 0.15, ""prior_score"": 0.0, ""combined_score"": 0.109096}, {""rank"": 10, ""node_id"": 419, ""node_type"": ""ROOM"", ""description"": ""419호 강의실"", ""anchor_room"": null, ""room_range"": null, ""clip_score"": 0.036238, ""ocr_score"": 0.0, ""geo_score"": 0.173333, ""prior_score"": 0.0, ""combined_score"": 0.105571}]",
benchmarks\room_test_60deg\435_R.jpg,435_R.jpg,435,R,,429,0.291038,0,0,0,,0.0,2,0,1,435,[],"[429, 430, 428, 419, 431]",10,10,"[{""rank"": 1, ""node_id"": 429, ""node_type"": ""ROOM"", ""description"": ""429호 강의실"", ""anchor_room"": null, ""room_range"": null, ""clip_score"": -0.004811, ""ocr_score"": 0.0, ""geo_score"": 0.206186, ""prior_score"": 0.0, ""combined_score"": 0.077663}, {""rank"": 2, ""node_id"": 430, ""node_type"": ""ROOM"", ""description"": ""430호 강의실"", ""anchor_room"": null, ""room_range"": null, ""clip_score"": -0.004853, ""ocr_score"": 0.0, ""geo_score"": 0.166667, ""prior_score"": 0.0, ""combined_score"": 0.061814}, {""rank"": 3, ""node_id"": 428, ""node_type"": ""ROOM"", ""description"": ""428호 강의실"", ""anchor_room"": null, ""room_range"": null, ""clip_score"": -0.00937, ""ocr_score"": 0.0, ""geo_score"": 0.147619, ""prior_score"": 0.0, ""combined_score"": 0.049678}, {""rank"": 4, ""node_id"": 419, ""node_type"": ""ROOM"", ""description"": ""419호 강의실"", ""anchor_room"": null, ""room_range"": null, ""clip_score"": -0.008223, ""ocr_score"": 0.0, ""geo_score"": 0.144231, ""prior_score"": 0.0, ""combined_score"": 0.04947}, {""rank"": 5, ""node_id"": 431, ""node_type"": ""ROOM"", ""description"": ""431호 강의실"", ""anchor_room"": null, ""room_range"": null, ""clip_score"": -0.003021, ""ocr_score"": 0.0, ""geo_score"": 0.130841, ""prior_score"": 0.0, ""combined_score"": 0.049315}, {""rank"": 6, ""node_id"": 421, ""node_type"": ""ROOM"", ""description"": ""421호 강의실"", ""anchor_room"": null, ""room_range"": null, ""clip_score"": -0.003754, ""ocr_score"": 0.0, ""geo_score"": 0.110465, ""prior_score"": 0.0, ""combined_score"": 0.040432}, {""rank"": 7, ""node_id"": 4170, ""node_type"": ""STUDY"", ""description"": ""아라테크네 학습공간 입구"", ""anchor_room"": null, ""room_range"": null, ""clip_score"": 0.006404, ""ocr_score"": 0.0, ""geo_score"": 0.083333, ""prior_score"": 0.0, ""combined_score"": 0.039737}, {""rank"": 8, ""node_id"": 4103, ""node_type"": ""CORRIDOR"", ""description"": ""4층 412~425 앞 복도(우측 세로 복도)"", ""anchor_room"": null, ""room_range"": ""412-425"", ""clip_score"": -0.001409, ""ocr_score"": 0.0, ""geo_score"": 0.083333, ""prior_score"": 0.0, ""combined_score"": 0.031925}, {""rank"": 9, ""node_id"": 427, ""node_type"": ""ROOM"", ""description"": ""427호 강의실"", ""anchor_room"": null, ""room_range"": null, ""clip_score"": -0.003716, ""ocr_score"": 0.0, ""geo_score"": 0.086538, ""prior_score"": 0.0, ""combined_score"": 0.0309}, {""rank"": 10, ""node_id"": 422, ""node_type"": ""ROOM"", ""description"": ""422호 강의실"", ""anchor_room"": null, ""room_range"": null, ""clip_score"": -0.007735, ""ocr_score"": 0.0, ""geo_score"": 0.087629, ""prior_score"": 0.0, ""combined_score"": 0.027317}]",
benchmarks\room_test_60deg\5140_L.jpg,5140_L.jpg,5140,L,,429,0.227044,0,0,0,,0.0,,0,0,"405,468,500,4268,554,534,510,550,553",[],"[429, 421, 422, 424, 419]",10,10,"[{""rank"": 1, ""node_id"": 429, ""node_type"": ""ROOM"", ""description"": ""429호 강의실"", ""anchor_room"": null, ""room_range"": null, ""clip_score"": 0.083026, ""ocr_score"": 0.0, ""geo_score"": 0.118959, ""prior_score"": 0.0, ""combined_score"": 0.13061}, {""rank"": 2, ""node_id"": 421, ""node_type"": ""ROOM"", ""description"": ""421호 강의실"", ""anchor_room"": null, ""room_range"": null, ""clip_score"": 0.098783, ""ocr_score"": 0.0, ""geo_score"": 0.06599, ""prior_score"": 0.0, ""combined_score"": 0.125179}, {""rank"": 3, ""node_id"": 422, ""node_type"": ""ROOM"", ""description"": ""422호 강의실"", ""anchor_room"": null, ""room_range"": null, ""clip_score"": 0.092713, ""ocr_score"": 0.0, ""geo_score"": 0.072816, ""prior_score"": 0.0, ""combined_score"": 0.121839}, {""rank"": 4, ""node_id"": 424, ""node_type"": ""ROOM"", ""description"": ""424호 강의실"", ""anchor_room"": null, ""room_range"": null, ""clip_score"": 0.087706, ""ocr_score"": 0.0, ""geo_score"": 0.084906, ""prior_score"": 0.0, ""combined_score"": 0.121669}, {""rank"": 5, ""node_id"": 419, ""node_type"": ""ROOM"", ""description"": ""419호 강의실"", ""anchor_room"": null, ""room_range"": null, ""clip_score"": 0.097079, ""ocr_score"": 0.0, ""geo_score"": 0.060837, ""prior_score"": 0.0, ""combined_score"": 0.121413}, {""rank"": 6, ""node_id"": 4111, ""node_type"": ""STAIRS"", ""description"": ""4층 우측 중단 계단(415와 416 사이)"", ""anchor_room"": null, ""room_range"": null, ""clip_score"": 0.082495, ""ocr_score"": 0.0, ""geo_score"": 0.082474, ""prior_score"": 0.0, ""combined_score"": 0.115485}, {""rank"": 7, ""node_id"": 427, ""node_type"": ""ROOM"", ""description"": ""427호 강의실"", ""anchor_room"": null, ""room_range"": null, ""clip_score"": 0.085406, ""ocr_score"": 0.0, ""geo_score"": 0.066246, ""prior_score"": 0.0, ""combined_score"": 0.111904}, {""rank"": 8, ""node_id"": 423, ""node_type"": ""ROOM"", ""description"": ""423호 강의실"", ""anchor_room"": null, ""room_range"": null, ""clip_score"": 0.085395, ""ocr_score"": 0.0, ""geo_score"": 0.058577, ""prior_score"": 0.0, ""combined_score"": 0.108826}, {""rank"": 9, ""node_id"": 420, ""node_type"": ""ROOM"", ""description"": ""420호 강의실"", ""anchor_room"": null, ""room_range"": null, ""clip_score"": 0.085229, ""ocr_score"": 0.0, ""geo_score"": 0.056034, ""prior_score"": 0.0, ""combined_score"": 0.107642}, {""rank"": 10, ""node_id"": 428, ""node_type"": ""ROOM"", ""description"": ""428호 강의실"", ""anchor_room"": null, ""room_range"": null, ""clip_score"": 0.083259, ""ocr_score"": 0.0, ""geo_score"": 0.058824, ""prior_score"": 0.0, ""combined_score"": 0.106789}]",
benchmarks\room_test_60deg\5140_R.jpg,5140_R.jpg,5140,R,,4103,0.479393,0,0,0,,0.0,,0,0,,[],"[4103, 4170, 420, 421, 428]",10,10,"[{""rank"": 1, ""node_id"": 4103, ""node_type"": ""CORRIDOR"", ""description"": ""4층 412~425 앞 복도(우측 세로 복도)"", ""anchor_room"": null, ""room_range"": ""412-425"", ""clip_score"": 0.069302, ""ocr_score"": 0.0, ""geo_score"": 0.365772, ""prior_score"": 0.0, ""combined_score"": 0.215611}, {""rank"": 2, ""node_id"": 4170, ""node_type"": ""STUDY"", ""description"": ""아라테크네 학습공간 입구"", ""anchor_room"": null, ""room_range"": null, ""clip_score"": 0.074091, ""ocr_score"": 0.0, ""geo_score"": 0.276515, ""prior_score"": 0.0, ""combined_score"": 0.184697}, {""rank"": 3, ""node_id"": 420, ""node_type"": ""ROOM"", ""description"": ""420호 강의실"", ""anchor_room"": null, ""room_range"": null, ""clip_score"": 0.068541, ""ocr_score"": 0.0, ""geo_score"": 0.171171, ""prior_score"": 0.0, ""combined_score"": 0.137009}, {""rank"": 4, ""node_id"": 421, ""node_type"": ""ROOM"", ""description"": ""421호 강의실"", ""anchor_room"": null, ""room_range"": null, ""clip_score"": 0.081624, ""ocr_score"": 0.0, ""geo_score"": 0.116466, ""prior_score"": 0.0, ""combined_score"": 0.128211}, {""rank"": 5, ""node_id"": 428, ""node_type"": ""ROOM"", ""description"": ""428호 강의실"", ""anchor_room"": null, ""room_range"": null, ""clip_score"": 0.068946, ""ocr_score"": 0.0, ""geo_score"": 0.1417, ""prior_score"": 0.0, ""combined_score"": 0.125626}, {""rank"": 6, ""node_id"": 427, ""node_type"": ""ROOM"", ""description"": ""427호 강의실"", ""anchor_room"": null, ""room_range"": null, ""clip_score"": 0.068336, ""ocr_score"": 0.0, ""geo_score"": 0.132075, ""prior_score"": 0.0, ""combined_score"": 0.121167}, {""rank"": 7, ""node_id"": 429, ""node_type"": ""ROOM"", ""description"": ""429호 강의실"", ""anchor_room"": null, ""room_range"": null, ""clip_score"": 0.069287, ""ocr_score"": 0.0, ""geo_score"": 0.079585, ""prior_score"": 0.0, ""combined_score"": 0.101121}, {""rank"": 8, ""node_id"": 422, ""node_type"": ""ROOM"", ""description"": ""422호 강의실"", ""anchor_room"": null, ""room_range"": null, ""clip_score"": 0.070674, ""ocr_score"": 0.0, ""geo_score"": 0.074219, ""prior_score"": 0.0, ""combined_score"": 0.100362}, {""rank"": 9, ""node_id"": 419, ""node_type"": ""ROOM"", ""description"": ""419호 강의실"", ""anchor_room"": null, ""room_range"": null, ""clip_score"": 0.074137, ""ocr_score"": 0.0, ""geo_score"": 0.064865, ""prior_score"": 0.0, ""combined_score"": 0.100083}, {""rank"": 10, ""node_id"": 431, ""node_type"": ""ROOM"", ""description"": ""431호 강의실"", ""anchor_room"": null, ""room_range"": null, ""clip_score"": 0.067619, ""ocr_score"": 0.0, ""geo_score"": 0.065217, ""prior_score"": 0.0, ""combined_score"": 0.093706}]",
